contractor_name,license_number,specialty,permit_count,total_project_value
SOUND SEISMIC LLC,SOUNDSL836ND,General Contractor,101,431660
GROUNDWORKS,GROUN**763O5,General Contractor,98,3371769
"HOME DEPOT, THE",HOMED**088RH,General Contractor,86,1063629
SELLEN CONSTR CO INC,SELLEC*372N0,General Contractor,78,190015399
MODERN HOMES LLC,MODERHL878J9,Single Family/Duplex,70,44365996
GATEWAY CONSTRUCTION SRVCS INC,GATEWCS992C3,General Contractor,64,33534202
SEA HOME BUILDERS LLC,SEAHOHB806DO,General Contractor,62,37598661
EVERGREEN SEISMIC LLC,EVERGSL823JF,General Contractor,60,188400
MASTEC NETWORK SOLUTIONS INC,MASTENS876KN,General Contractor,59,1946750
WINDOW NATION LLC,WINDONL771PW,General Contractor,58,958635
CORTI CONSTRUCTION INC,CORTICI838JO,General Contractor,57,8982181
VENTURE GENERAL CONTRCTNG LLC,VENTUGC899LZ,General Contractor,56,576674488
JAS DESIGN-BUILD INC,JASDEDI775QN,General Contractor,54,4273572
R&R FOUNDATION SPECIALIST LLC,RRFOUFS829DA,General Contractor,48,1545570
REAL PROPERTY FUNDING GRP LLC,REALPPF855N5,General Contractor,47,12609119
SKYLINE CONSTRUCTION,SKYLIC*773DW,Commercial,47,65419759
MODELREMODEL LLC,MODELL*971P1,General Contractor,42,6179064
G L Y CONSTRUCTION INC,GLYCOI*018O9,General Contractor,41,47193611
ROLAND DEVELOPMENT LLC,ROLANDL841QM,General Contractor,39,36359067
BNBUILDERS INC,BNBUII*990K3,General Contractor,37,59160393
Built Square LLC,BUILTSL921R9,General Contractor,36,1064317
ABBOTT CONSTRUCTION LLC,ABBOTCL781KS,General Contractor,34,50460137
CRD DESIGN BUILD INC,CRDDEDB831OL,General Contractor,33,5129512
COOMBES DEVELOPMENT LLC,COOMBDL846NT,General Contractor,32,17596519
EXXEL PACIFIC INC,EXXELPI073KN,General Contractor,32,2986340392
NW EXTREME INSTALLERS INC,NWEXTEI882NL,General Contractor,32,456511
STRONGHOME SEISMIC INC,STRONSI813KH,General Contractor,32,161220
Howard S Wright,HOWARSW863BG,General Contractor,31,63472704
J E CUMMING CORP,JECUMC*148JH,General Contractor,31,6978210
OLSEN ANDERSON CONST LLC,OLSENAC813OC,General Contractor,31,30829797
ARIES BUILDING SYSTEMS LLC,ARIESBS868NA,General Contractor,30,201590166
METIS CONSTRUCTION INC,METISCI910K9,General Contractor,30,4598773
NOVA HOMES LLC,NOVAHHL776QH,General Contractor,29,16513787
DPR CONSTRUCTION A GEN PRTNRSH,DPRCOCG833BP,General Contractor,28,42419046
GREENCITY DEVELOPMENT LLC,GREENDL842LL,General Contractor,27,32550058
M A MORTENSON COMPANY,MAMORC*190N6,General Contractor,26,22914934
ASHWORTH HOMES LLC,ASHWOHL950JL,General Contractor,25,12273595
AVARA CONSTRUCTION INC,AVARACI824BR,General Contractor,25,25590290
GASPAR'S CONSTRUCTION INC,GASPACI055BS,General Contractor,25,1560217
STS REMODELING CORP,STSREC*000NG,General Contractor,25,5405873
AE CONSTRUCTION LLC,AECONCL881QR,General Contractor,24,17772515
Green Built Northwest LLC,GREENBN861QE,General Contractor,24,341000
HST CONSTRUCTION INC,HSTCOCI920KA,General Contractor,24,7169944
JTM CONSTRUCTION  INC,JTMCOCI813DL,General Contractor,24,260185569
REVISION HOMES INC,REVISHI851PO,General Contractor,24,4093021
SEATTLE SEISMIC LLC,SEATTSL807JL,General Contractor,24,164246
THE BEST PRACTICE,BESTPBP811LJ,General Contractor,24,6463315
TURNER CONSTRUCTION COMPANY,TURNECC237D2,General Contractor,23,154496887
A-FFIX LLC,AFFIXL*015KS,General Contractor,22,176082
BACKYARD ADU LLC,BACKYAL786JM,Single Family/Duplex,22,5965396
FOUSHEE & ASSOCIATES CO INC,FOUSHAC158OD,General Contractor,22,15626898
HARJO CONSTRUCTION SRVS LLC,HARJOCS902BL,General Contractor,22,3635133
MCBRIDE CONST RESOURCES INC,MCBRICR099JZ,General Contractor,22,6691736
BLACKWOOD BUILDERS LLC,BLACKBL771O7,General Contractor,21,9601308
COASTAL CONSTRUCTION LLC,COASTCL850RC,General Contractor,21,3771530
DYNA CONTRACTING INC,DYNACI*999PW,General Contractor,21,12906425
HERNANDEZ BUILDS LLC,HERNABL805RC,General Contractor,21,7103851
MIRRA HOMES LLC,MIRRAHL817LK,General Contractor,21,17702793
SKYWAY GENERAL CONTRACTORS INC,SKYWAGC920RP,General Contractor,21,3611639
WILCOX CONSTRUCTION LLC,WILCOCL791RC,Commercial,21,19315096
DAVIS SCHUELLER INC,DAVISSI105PN,General Contractor,20,3906881
NORTHVIEW HOLDINGS LLC,NORTHHL774P3,General Contractor,20,5032864
WALTIER HOMES LLC,WALTIHL824RS,Single Family/Duplex,19,7733426
WINFIELD HOMES LLC,WINFIHL851D6,General Contractor,19,13418043
AXIOM CONSTRUCTORS LLC,AXIOMCL002MO,General Contractor,18,3722664
TUFF SHED INC,TUFFSI*038RZ,General Contractor,18,445147
CRESCENT BUILDS,CRESCB*863BZ,Single Family/Duplex,17,1097946
LEVITE CONSTRUCTION CO,LEVITCC782DH,General Contractor,17,853000
BUILD SOUND LLC,BUILDSL920DS,General Contractor,16,6300438
RAINCAP CONSTRUCTION INC,RAINCCI931PT,General Contractor,16,1357679
BELOTTI MCHUGH DSN\CNST SR LLC,BELOTMD881CG,General Contractor,15,4554689
GC SEATTLE BUILDERS LLC,GCSEASB795DN,General Contractor,15,1850557
HAAS DEVELOPMENT & CONST CO,HAASDDC842QA,General Contractor,15,2043329
JACKSON DESIGN BUILD LLC,JACKSDB835CB,General Contractor,15,1663376
MAXWORK LLC,MAXWOL*765DL,General Contractor,15,1617696
MCLEOD CONSTRUCTION LLC,MCLEOCL951DD,General Contractor,15,1316528
SWINERTON BUILDERS,SWINEB*992DR,General Contractor,15,2770291
TRIPLE BOTTOM LINE CNSTRTN SPC,TRIPLBL824M6,General Contractor,15,2653702
BRIKAT HOMES,BRIKAH*810P1,General Contractor,14,6811609
C D K CONST SERVICES INC,CDKCOSI066MA,General Contractor,14,3364225
EMERALD CITY CONST & RENOV LLP,EMERACC826PR,General Contractor,14,2696190
GT RESIDENTIAL CONTRACTING LLC,GTRESRC915ML,General Contractor,14,4014608
MIOVIC REINHARDT ASSOCIATES,MIOVIRA871J4,General Contractor,14,2757048
RAMJACK WEST,RAMJAW*852PW,General Contractor,14,425666
TEKTON LLC,TEKTOL*794P9,General Contractor,14,2338770
GREEN CANOPY NODE HOMES LLC,GREENCN776OG,General Contractor,13,16105815
JNG CONSTRUCTION INC,JNGCOCI864CG,General Contractor,13,3687471
KREKOW JENNINGS INC,KREKOJI110BZ,General Contractor,13,20696396
MAKSYMOV BROWNSTONE LLC,MAKSYBL809B7,General Contractor,13,1095000
PROFORM CONSTRUCTION LLC,PROFOCL934PN,General Contractor,13,3617408
RAFN COMPANY,RAFNC**061J7,Commercial,13,4524388
STERLING Telecom & Const Inc,STERLTC884C9,General Contractor,13,865000
TERRAFIRMA FOUNDATION RPR INC,TERRAFR931LH,General Contractor,13,383367
WATERFRONT CONSTRUCTION INC,WATERCI881RS,General Contractor,13,1621670
ALL DECKS & DOORS INC,ALLDEDD860DU,General Contractor,12,381763
BLOX CONSTRUCTION INC,BLOXCCI955BD,General Contractor,12,1726660
Better Builders,BETTEB*895RL,Single Family/Duplex,12,1394446
COMPASS GENERAL CONST I LLC,COMPAGC933B4,General Contractor,12,106965313
"CONFLUENCE CONSTRUCTION, LLC",CONFLCL795K6,General Contractor,12,5556470
D P INC GENERAL CONTRACTORS,DPINCGC066BU,General Contractor,12,4081338
EDGE COMMUNITY BUILDERS LLC,EDGECCB810OQ,General Contractor,12,6840729
GLACIER BAY CONSTRUCTION LLC,GLACIBC813O4,General Contractor,12,2133802
HUUS INC,HUUSII*885NU,General Contractor,12,1845341
J & M REMODEL & REPAIR LLC,JMREMMR920M1,General Contractor,12,1208913
JAKE'SD CORPORATION,JAKESDC910L3,General Contractor,12,5782435
OLYMPIC DECKS LLC,OLYMPDL816OW,General Contractor,12,155948
Pro-Mondo LLC,PROMOL*883MU,General Contractor,12,751750
ROSE HOMES GC LLC,ROSEHHG797DS,General Contractor,12,5008549
SEATTLE CONST RESOURCES INC,SEATTCR101BZ,General Contractor,12,1077664
THE MCKINNEY GROUP INC,MCKINGI953CZ,General Contractor,12,1749677
Tang Real Estate Invst Corp,TANGRRE851QP,General Contractor,12,6141093
UNIMARK CONSTRUCTION LLC,UNIMACL801B4,General Contractor,12,8976263
AG CONSTRUCTION & RMDLNG LLC,AGCONCR786K5,General Contractor,11,1046480
ALDRICH & ASSOCIATES INC,ALDRIA*202RU,General Contractor,11,10845473
BAKLINSKI HOME IMPROVEMENT,BAKLIHI801DJ,General Contractor,11,385500
BELFOR USA GROUP INC,BELFOUG990BJ,General Contractor,11,1582143
CHARTER CONST LLC,CHARTCL776J5,General Contractor,11,10011691
DANG CONSTRUCTION LLC,DANGCCL837PJ,General Contractor,11,2867210
GS CONSTRUCTION PNW LLC,GSCONCP779NT,General Contractor,11,145913412
HOFFMAN CONSTRUCTION CO OF WA,HOFFMCC164NC,General Contractor,11,38598149
HOLLAND CONSTRUCTION INC,HOLLACI952DJ,General Contractor,11,344046966
INNOVATIVE HOME RENOVATNS LLC,INNOVHR834N5,General Contractor,11,1719722
J & ART CONTRACTORS LLC,JARTCAC830C7,General Contractor,11,1250653
JABOODA CONSTRUCTION INC,JABOOCI806RT,General Contractor,11,11390144
JP REMODELING | RENOVTIONS LLC,JPREMRR787CP,General Contractor,11,184203
KARLSTROM ASSOCIATES,KARLSA*791D5,General Contractor,11,1359632
Noble Homes LLC,NOBLEHL864DU,General Contractor,11,6957841
ROYAL FAMILY CONSTRUCTION INC,ROYALFC774KW,General Contractor,11,1208174
SCHUCHART CORPORATION,SCHUCC*121NC,General Contractor,11,9343915
WESTWOOD CONSTRUCTION LLC,WESTWCL830OE,General Contractor,11,12688664
ANGELL CONSTRUCTION LLC,ANGELCL851BE,General Contractor,10,672055
APPROACH BUILD LLC,APPROBL821BQ,General Contractor,10,5244433
BLUE SKY PAINTING & CONST LLC,BLUESSP821CL,Single Family/Duplex,10,360594
BUCK TIDE CONSTRUCTION LLC,BUCKTTC832BT,General Contractor,10,1874460
CARLISLE CLASSIC HOMES LLC,CARLICH981RL,General Contractor,10,1992620
CENTENNIAL CONTRACTORS ENT INC,CENTECE004KK,General Contractor,10,1236926
DOUCETTE ENTERPRISES LLC,DOUCEEL937DA,General Contractor,10,3392260
FORMA CONSTRUCTION COMPANY,FORMACC878OR,General Contractor,10,1415689
FORRISTER CONTRACTING LLC,FORRICL837CW,General Contractor,10,3631919
GREAT DAY IMPROVEMENTS LLC,GREATDI799DJ,General Contractor,10,237700
M R J CONSTRUCTORS LLC,MRJCOL*011CW,General Contractor,10,2532084
MALLET INC,MALLEI*012DB,General Contractor,10,1845495
MCKINSTRY STAUFFER YANG CONST,MCKINSY781JO,General Contractor,10,3102520
PACIFIC NORTHWEST RSTRTN1 LLC,PACIFNR784JD,General Contractor,10,1068624
RHINO CO LLC,RHINOCL836C3,General Contractor,10,1686316
STRUXURE OUTDOOR OF WASHINGTON,STRUXOW812MB,General Contractor,10,200000
TBH STERLING INC,TBHSTSI833CM,General Contractor,10,1604665
AINSLIE DAVIS CONSTRUCTION INC,AINSLDC066DW,General Contractor,9,1826213
ALI'S BUILDING & CNSLTNG INC,ALISBBC785OK,General Contractor,9,2182280
BETACOM INCORPORATED,BETACI*828MR,General Contractor,9,75510
CADRE GENERAL CONTRACTORS LLC,CADREGC806MH,General Contractor,9,1814913
CLADDAGH CONSTRUCTION INC,CLADDCI044LM,General Contractor,9,1508243
CMAC LLC,CMACLL*920MM,General Contractor,9,2533933
COMPLETE CONST & REMODEL LLC,COMPLCR802BZ,General Contractor,9,2043101
FULLER LIVING CONSTRUCTION LLC,FULLELC855CD,General Contractor,9,1596000
HITT CONTRACTING INC,HITTCCI863PM,General Contractor,9,5151100
L C M BUILDERS LLC,LCMBUCM872PT,General Contractor,9,1291197
MORINA HOMES CORP,MORINHC840RE,General Contractor,9,4842373
NICE BUILDING CORP,NICEBBC818L5,General Contractor,9,2565781
NXTGEN HOME PROS LLC,NXTGEHP757D1,General Contractor,9,564000
SK SOLUTIONSS LLC,SKSOLSL780PF,General Contractor,9,892175
TATLEY-GRUND INC,TATLEGI099MN,General Contractor,9,2230233
ARMADA DESIGN & BUILD INC,ARMADDB898R3,General Contractor,8,640017
BALLARD BACKYARD COTTAGES LLC,BALLABC817MJ,General Contractor,8,1165523
Bruce Company,BRUCEC*892C8,Commercial,8,1190000
CASTELLO DESIGN BUILD LLC,CASTEDB806LJ,General Contractor,8,835780
CHERRY DESIGN + BUILD LLC,CHERRDB958DB,General Contractor,8,736534
CHINN CONSTRUCTION LLC,CHINNCL000DS,General Contractor,8,128045516
COMMERICAL PROPERTY MAINT,COMMEPM784KF,General Contractor,8,4325392
DOCHNAHL CONSTRUCTION INC,DOCHNC*241R9,General Contractor,8,445000
DOVETAIL GENERAL CONTRS LLC,DOVETGC895PU,General Contractor,8,7798241
EMERALD CITY GREEN BLDRS INC,EMERACG940KN,General Contractor,8,1897439
Golden Coast Cnst/Rst/NW Inc,GOLDECC809P1,General Contractor,8,1668085
KOHL CONST & REMODELING INC,KOHLCRI033RP,General Contractor,8,855819
LAKESIDE MARINE CONST LLC,LAKESMC784RM,General Contractor,8,186670
LOCKHART-SUVER LLC,LOCKHL*962O8,General Contractor,8,3679611
LOKEN CONSTRUCTION CO,LOKENCC993J6,General Contractor,8,3170654
LYDIG CONSTRUCTION INC,LYDIGC*264JC,General Contractor,8,206666934
MORENO LS LLC,MORENLL794J6,General Contractor,8,217500
New Generation BUILDS LLC,NEWGEGB782P5,General Contractor,8,1686926
PAPPAS GENERAL CONTRACTING LLC,PAPPAGC750CK,General Contractor,8,1186861
PATHWAY DESIGN & CONSTRUCTION,PATHWDC927LP,General Contractor,8,1780478
PHOENIX CONSTRUCTION INC,PHOENCI099KL,General Contractor,8,1514467
PRAXIS BUILDERS LLC,PRAXIBL847QT,General Contractor,8,3365281
RUBICON CONSTRUCTION LLC,RUBICCL834KB,General Contractor,8,453999
SCHULTE CONSTRUCTION LLC,SCHULCL993RM,General Contractor,8,1398323
SEABORN PILE DRIVING COMPANY,SEABOPD942CG,General Contractor,8,1110457
SEVEN HILLS DESIGN LLC,SEVENHD947J1,General Contractor,8,997309
Swett Equity LLC,SWETTEL805NR,Single Family/Duplex,8,4223692
TALAKAI CONSTRUCTION LLC,TALAKCL891CP,General Contractor,8,217000
TREND DEVELOPMENT & DSGN LLC,TRENDDD907BO,General Contractor,8,3512276
W G CLARK CONSTRUCTION CO,WGCLAC*370N0,General Contractor,8,26904999
WISE CHOICE CONSTRUCTION LLC,WISECCC813NB,General Contractor,8,564800
AMAZING CONSTRUCTION LLC,AMAZICL763OW,General Contractor,7,1782110
BICKNELL BUILDS LLC,BICKNBL824P9,General Contractor,7,1516872
BLUE WATER DESIGN BUILD LLC,BLUEWWD932MO,General Contractor,7,1025000
CAMBIUM INC,CAMBII*020KG,General Contractor,7,412000
CAS CONSTRUCTION SOLUTIONS LLC,CASCOCS833OK,General Contractor,7,918245
CLISE AGENCY INC,CLISEAI072JA,General Contractor,7,3016000
Corvid General Contractors LLC,CORVIGC888BD,General Contractor,7,1068972
DEMOLITION MAN INC,DEMOLMI178N2,General Contractor,7,26850
"GREEN LAKE REMODEL, LLC",GREENLR931RG,General Contractor,7,1712869
Galaxy Partners LLC,GALAXPL755JG,Single Family/Duplex,7,5691014
HABITAT FOR HUMANITY SEA - KC,HABITFH871O3,General Contractor,7,2358696
HERRON HOMES LLC,HERROHL827P2,General Contractor,7,1856480
HOFFMAN RECONSTRUCTION LLC,HOFFMRL761NN,General Contractor,7,1212428
HYBRID ASSEMBLY LLC,HYBRIAL902KR,General Contractor,7,5733466
J D JOHNSON CONST & DESIGN INC,JDJOHCD060KR,General Contractor,7,1061845
J&C CONTRACTORS LLC,JCCONCL872JD,General Contractor,7,403310
JOHNSON BROTHERS CONSTRUCTION,JOHNSBC075DU,General Contractor,7,762322
JP RENOVATIONN LLC,JPRENRL807MH,General Contractor,7,707565
KAOS CONSTRUCTION LLC,KAOSCCL784K7,General Contractor,7,2006608
KCM Construction LLC,KCMCOCL773P4,Single Family/Duplex,7,2948374
L O G RENOVATION LLC,LOGREOG834MM,General Contractor,7,1574985
LEVEL UP HOMES LLC,LEVELUH792KP,General Contractor,7,1235030
MN CUSTOM HOMES LLC,MNCUSCH890MQ,General Contractor,7,6080556
MOKAN HOMES LLC,MOKANHL813BG,General Contractor,7,5422861
Mountain West Development Inc,MOUNTWD774CA,General Contractor,7,1168000
NEIL KELLY COMPANY INC,NEILKCI187O2,General Contractor,7,1267134
NORTH WEST HANDLING SYS INC,NORTHWH275JF,General Contractor,7,325800
POTTER CONSTRUCTION INC,POTTECI016RL,General Contractor,7,703000
RD REMODELING LLC,RDREMRL762N1,General Contractor,7,536844
RE: DESIGN BUILDERS LLC,REDESDB944R7,General Contractor,7,550000
REMONT CONSTRUCTION LLC,REMONCL831OL,General Contractor,7,1843507
RENOVATE CONSTRUCTION LLC,RENOVCL823PB,General Contractor,7,703000
RICHARD GENERAL CONTRACTRS LLC,RICHAGC814BT,General Contractor,7,619691
SCHULTZ MILLER INC,SCHULMI114NC,General Contractor,7,1608059
SG SITE SOLUTIONS LLC,SGSITSS768KM,General Contractor,7,2983840
SHELTER HOMES LLC,SHELTHL840QQ,General Contractor,7,6315681
T C I INC,TCIIN**077OO,General Contractor,7,1668739
TRINITY BUILT LLC,TRINIBL761R3,Single Family/Duplex,7,4475235
VERTICAL CONSTRUCTION GRP LLC,VERTICG913PZ,General Contractor,7,2345000
WESTMARK CONSTRUCTION INC,WESTMCI012D3,Commercial,7,1786371
WOODMAN CONSTRUCTION INC,WOODMCI167O6,General Contractor,7,3871912
WOODMARK HOMES LLC,WOODMHL938NB,General Contractor,7,1660901
AGA REAL ESTATE LLC,AGARERE848DC,General Contractor,6,765261
ALL HERO SERVICE LLC,ALLHEHS776OQ,General Contractor,6,2769818
APR CONSTRUCTION NW LLC,APRCOCN790BK,General Contractor,6,720419
ARCHER SMITH,ARCHES*858DR,General Contractor,6,786394
ARROW NORTH CONSTRUCTION LLC,ARROWNC821P3,General Contractor,6,275382
B & C TOWER LLC,BCTOWCT896B5,General Contractor,6,78000
BAD BOYZ GC LLC,BADBOBG831RA,General Contractor,6,2159170
BIG SKY NORTHWEST LLC,BIGSKSN841CC,General Contractor,6,2112533
BLUE SOUND CONSTRUCTION INC,BLUESSC948NA,General Contractor,6,2120000
CB CONSTRUCTION,CBCONC*852P8,General Contractor,6,464061
COMMUNITY CHANCE LLC,COMMUCL786MQ,General Contractor,6,3441320
CONSTANTINE BUILDERS INC,CONSTBI982J5,General Contractor,6,1554209
ER CONSTRUCTION LLC,ERCONCL877OK,General Contractor,6,832067
ESC REMODEL LLC,ESCRERL842C9,General Contractor,6,1019191
GRANITE CONSTRUCTION COMPANY,GRANICC916DL,General Contractor,6,195000
GREENBUILD DEVELOPMENT LLC,GREENDL881KA,General Contractor,6,2101937
HANDCRAFTED SOLUTIONS,HANDCS*791NE,General Contractor,6,332887
HEARTWOOD BUILDERS INC,HEARTBI995PB,General Contractor,6,400280
HOMES WEST INC,HOMESWI864LT,General Contractor,6,2818777
ICA CONSTRUCTION,ICACOC*917QS,General Contractor,6,912758
INSTYLE HOMES LLC,INSTYHL811B4,General Contractor,6,2553052
J L REMODELING INC,JLREMI*981JD,General Contractor,6,204750
J M RILEY CO,JMRILMR880MR,General Contractor,6,1079000
LAKELAND BUILDERS INC,LAKELBI081J9,General Contractor,6,1162780
LUCID HOME DESIGNS,LUCIDHD791NR,General Contractor,6,1067098
LZ EXCAVATION & CONST LLC,LZEXCEC785PQ,General Contractor,6,3897868
LZL CONSTRUCTION INC,LZLCOI*085BA,General Contractor,6,1083623
M D DESIGN,MDDESDD953KB,General Contractor,6,585812
MARPAC CONSTRUCTION LLC,MARPACL055JP,General Contractor,6,1878310
MASTEC NORTH AMERICA INC,MASTENA991KJ,General Contractor,6,245000
NORTHWAY CONSTRUCTION INC,NORTHCI905CQ,General Contractor,6,1795000
NW CRAFT HOMES LLC,NWCRACH760M6,General Contractor,6,4641314
Nucon LLC,NUCONL*762RQ,Single Family/Duplex,6,2218492
PENNON CONSTRUCTION CO INC,PENNOCC013Q3,General Contractor,6,2299148
POP PROPERTY SERVICES,POPPRPS814JP,General Contractor,6,515500
PRIME DEVELOPMENT LLC,PRIMEDL773QM,General Contractor,6,5780604
R MILLER INC,RMILLMI871NH,General Contractor,6,4758646
RIVERS EDGE ENVRNMNTL SRVS INC,RIVEREE855DT,General Contractor,6,1135738
RTG CONSTRUCTION LLC,RTGCOCL820C3,General Contractor,6,2249558
RUDD CONSTRUCTION LLC,RUDDCCL848L7,General Contractor,6,1009989
RYAN GENERAL CONTRACTORS INC,RYANGCI930PC,General Contractor,6,3513309
S & L CONSTRUCTION INC,SLCONLC940L7,General Contractor,6,2004914
SILVER PEAK CNTRCTNG SRVCS LLC,SILVEPC907LT,General Contractor,6,536852
SKANSKA USA BUILDING INC,SKANSUB985RT,General Contractor,6,4623380
SONIC HOME IMPROVEMENTS,SONICHI783J1,General Contractor,6,1146306
SPLINE,SPLIN**758CC,General Contractor,6,1896364
STEFAN HANSMIRE BUILDERS,STEFAHB825NL,General Contractor,6,463496
TOTH CONSTRUCTION INC,TOTHCI*159NA,General Contractor,6,820000
TRUE SCAPES LLC,TRUESSL887PD,General Contractor,6,292000
UNIQUE HOME CONSTRUCTION LLC,UNIQUHC815J4,General Contractor,6,938726
WEST SUMMIT GNRL CONTRNG LLC,WESTSSG780JL,General Contractor,6,715705
WREN CONSTRUCTION INC,WRENCI*013B6,General Contractor,6,405000
ZOLTAN FARKAS CONST LLC,ZOLTAFC976QL,General Contractor,6,422000
ABODE BUILDERS LLC,ABODEBL981NT,General Contractor,5,520523
ACOM CONSULTING INC,ACOMCCI801C1,General Contractor,5,37640
AE EXCAVATION LLC,AEEXCEL801DF,General Contractor,5,2557756
ALL CITY FENCE CO,ALLCICF927KW,General Contractor,5,1130675
AMBROSE CONSTRUCTION INC,AMBROCI937N2,General Contractor,5,1155908
ARMATA CONSTRUCTION SERVS LLC,ARMATCS845KU,General Contractor,5,414234
AVA HOMES LLC,AVAHOHL888KU,General Contractor,5,2678007
AVID BUILDERS INC,AVIDBBI942P4,General Contractor,5,1296723
BAILEY & BENDIKSEN RST/RML LLC,BAILEBR826J4,General Contractor,5,289000
BATT + LEAR INC,BATTLLI962JF,General Contractor,5,627775
BAYLEY CONSTRUCTION LP,BAYLECL836JJ,General Contractor,5,1100000
BB-BUILDERS-PRO LLC,BBBUIBP771N4,General Contractor,5,867084
BC CONSTRUCTION GROUP LLC,BCCONCG803CC,General Contractor,5,1813245
BETTER IMAGE LLC,BETTEIL908PK,General Contractor,5,1307557
BLOCK II LLC,BLOCKIL873K8,General Contractor,5,2065405
BODHI BUILDERS LLC,BODHIBL803RS,General Contractor,5,647611
BUNGALOW BUILDING CORPORATION,BUNGABC823PB,General Contractor,5,2329124
C S CONSTRUCTION,CSCONSC902C6,General Contractor,5,373589
CRAFTSMAN BUILDERS SEATTLE LLC,CRAFTBS827QE,General Contractor,5,1527219
DEPCO LLC,DEPCOL*776MU,General Contractor,5,192000
DICKSON COMPANY,DICKSC*858RZ,General Contractor,5,50558000
DIG SERVICES,DIGSES*775LE,General Contractor,5,715707
DN HOMES CORPORATION,DNHOMHC838QN,General Contractor,5,1435853
DRENGUIS CONSTRUCTION LLC,DRENGCL809OC,General Contractor,5,736265
DRIFTWOOD NW CONSTRUCTION LLC,DRIFTNC754CS,General Contractor,5,752000
FINE LINE SURFACES LLC,FINELLS886RU,General Contractor,5,2319638
FIX HOME SERVICES LLC,FIXHOHS935L8,General Contractor,5,525000
FOSTER WOODWORKS LLC,FOSTEWL795CE,General Contractor,5,1066990
G-Three Builders Corp,GTHREBC834LL,General Contractor,5,838320
GATEWOOD BUILDERS LLC,GATEWBL809B8,General Contractor,5,534701
GENCAP CONSTRUCTION CORP,GENCACC867J5,General Contractor,5,57841882
GERRY HOMES LLC,GERRYHL860NK,General Contractor,5,3930104
GIBSON FENCE AND DECK LLC,GIBSOFD805CM,General Contractor,5,66753
GILD CONSTRUCTION LLC,GILDCCL792L3,General Contractor,5,729033
GREATER SEATTLE CONST LLC,GREATSC881MR,General Contractor,5,645000
HAIYUAN CONSTRUCTION LLC,HAIYUCL806O8,General Contractor,5,262194
HARDING FERRARIO CONST LLC,HARDIFC839PC,General Contractor,5,567854
HJORTEN HOMES LLC,HJORTHL790OB,General Contractor,5,321687
INFINITY REPLACEMENT LLC,INFINRL757P2,General Contractor,5,99475
JD2023 LLC,JD202L*771LF,General Contractor,5,3449760
JUNITY CONSTRUCTION LLC,JUNITCL761JP,General Contractor,5,3873115
KITCHEN AND MORE,KITCHM*802CK,General Contractor,5,388000
LDB HOMES LLC,LDBHOHL873PA,General Contractor,5,3147471
LEVEL UP CONST & RMDLG CO,LEVELUC782C4,General Contractor,5,782000
METROPOLITAN CONTRACTING LLC,METROCL974ON,General Contractor,5,1456378
MODERNDEN LLC,MODERL*832O6,General Contractor,5,2871639
MOUNTAIN TOP BUILDERS LLC,MOUNTTB918L4,General Contractor,5,1124557
MR RACKS LLC,MRRACRL924BN,General Contractor,5,285745
NEWLIFE INTERIORS INC,NEWLIII950PR,General Contractor,5,246210
NRC HOMES LLC,NRCHOHL797CS,General Contractor,5,1092822
OMEGA SERVICES AND SUPPLY INC,OMEGASS851N8,General Contractor,5,587000
ONNI CONTRACTING (WA) INC,ONNICCW861MS,General Contractor,5,2777760
PALATINE CONSTRUCTION LLC,PALATCL860K3,General Contractor,5,345000
PATTISON GENERAL CONTRACTOR,PATTIGC917C7,General Contractor,5,804119
PCF CONSTRUCTION GROUP,PCFCOCG789N6,General Contractor,5,246187
PLUM PROJECTS LLC,PLUMPPL904DK,General Contractor,5,1980000
PROPER CONSTRUCTION LLC,PROPECL780RW,General Contractor,5,1047035
RAINA HENDERSON INTR DSN LLC,RAINAHI791BG,General Contractor,5,967492
RUSH COMMERCIAL,RUSHCC*913JG,General Contractor,5,60325000
SAYBR CONTRACTORS INC,SAYBRCI033L7,General Contractor,5,409806
SOUND BUILDERS NW LLC,SOUNDBN816LK,General Contractor,5,503402
SSI CONSTRUCTION,SSICOC*843DB,General Contractor,5,700491
STILLWATER MARINE INC,STILLMI940MF,General Contractor,5,177400
SUMMIT DEVELOPMENT LLC,SUMMIDL005CW,General Contractor,5,2131141
SUMMIT PROPERTIES & DEV CO INC,SUMMIPD834KP,General Contractor,5,25000
SUNSET GRILL CONSTRUCTION LLC,SUNSEGC764CF,General Contractor,5,2674098
SYNERGY INC,SYNERI*812NO,General Contractor,5,209197265
TANNER CONSTRUCTION LLC,TANNECL922BU,General Contractor,5,139000
THOMAS JACOBSON CONST INC,THOMAJC926CM,General Contractor,5,1369900
UPPER LEFT LIVING LLC,UPPERLL806R3,General Contractor,5,925108
WALSH CONSTRUCTION CO/WASH,WALSHCC990D1,General Contractor,5,20825737
WOOD SOLUTIONS,WOODSS*810CH,General Contractor,5,285100
WOODCRAFTERS CONSTRUCTION LLC,WOODCCL944BO,General Contractor,5,1270000
WORLD CLASS CONTR & CONST LLC,WORLDCC775JO,General Contractor,5,1026248
WYGAL BUILDERS LLC,WYGALBL859C7,General Contractor,5,2219565
renco llc,RENCOL*803BM,Single Family/Duplex,5,1104117
2FL Enterprises LLC,2FLENFE906BG,General Contractor,4,847550
3 BROTHERS DECKING LLC,3BROTBD817J6,General Contractor,4,240000
4 BROTHERS HOME,4BROTBH785DM,General Contractor,4,2307861
ABSHER CONSTRUCTION CO,ABSHEC*345PS,General Contractor,4,8413358
ACHomes LLC,ACHOML*864NK,General Contractor,4,400840
ADAMS RESIDENTIAL CONTRNG INC,ADAMSRC972JG,General Contractor,4,1130000
ADVANTAGE REALTY ADVISORS LLC,ADVANRA792K4,General Contractor,4,336532
AMP REMODEL LLC,AMPRERL777R8,General Contractor,4,275000
ANDERSEN CONST CO OF WASH LLC,ANDERCC822BW,General Contractor,4,292385894
ARCHADECK OF SEATTLE EASTSIDE,ARCHASE831BE,General Contractor,4,81959
ASH HAUS LLC,ASHHAHL775J1,General Contractor,4,1667647
ATI RESTORATION LLC,ATIRERL791N7,General Contractor,4,67500
B.G.B CONTRACTOR SERVICES LLC,BGBCOCS814P1,General Contractor,4,1198300
BACKYARD STORAGE SOLUTIONS LLC,BACKYSS867PO,General Contractor,4,40379
BENDER CUSTOM CONST INC,BENDECC884DE,General Contractor,4,2145976
BEVEL LLC,BEVELL*806RD,General Contractor,4,467000
BIG BEN'S CONSTRUCTION LLC,BIGBEBC823C2,General Contractor,4,949747
BRACE POINT CARPENTRY LLC,BRACEPC974QM,General Contractor,4,1485059
BUILD & RESTORE LLC,BUILDRL905MO,General Contractor,4,240000
CAPSTONE SOLUTIONS INC,CAPSTSI883OS,General Contractor,4,245000
"CARPENTER, A",CARPE**998NH,General Contractor,4,208418
CHAIN CONSTRUCTION LLC,CHAINCL825NU,General Contractor,4,294974
City Construction Solution LLC,CITYCCS772BR,Single Family/Duplex,4,138310
D L H INC,DLHIN**072B5,General Contractor,4,738828
DECKS RESTORE LLC,DECKSRL797P2,General Contractor,4,58988
DEGRAZIA GENERAL CONTRS LLC,DEGRAGC853LR,General Contractor,4,492449
DENIZEN CONSTRUCTION LLC,DENIZCL814OE,General Contractor,4,205000
DIMA CONSTRUCTION LLC,DIMACCL825BB,General Contractor,4,1192436
DINGNOR LLC,DINGNL*840N4,General Contractor,4,465989
DOWBUILT INC,DOWBUI*818BD,General Contractor,4,2144503
DRC BY DANIEL LLC,DRCDADL755D7,General Contractor,4,152789
EDWARDS CONSTRUCTION GROUP,EDWARCG849MQ,General Contractor,4,525000
ELITE COMMERCIAL CONTRACTING,ELITECC020CD,General Contractor,4,548000
EVEROSE LLC,EVEROL*836OF,General Contractor,4,531319
FRANKY'S EXCAVATION LLC,FRANKEL791JE,General Contractor,4,110920
FRASER DESIGN BUILD LLC,FRASEDB760DF,General Contractor,4,756568
FULLWILER CONSTRUCTION INC,FULLWCI903M2,General Contractor,4,1627873
GOUDY CONSTRUCTION LLC,GOUDYCL896RN,General Contractor,4,1357467
GRAY WC,GRAYWW*788B2,General Contractor,4,1158248
GREEN WAY HOMES LLC,GREENWH824QN,General Contractor,4,3043652
Grewalz Construction INC,GREWACI992DK,Single Family/Duplex,4,1221850
HALVERSON DESIGN BUILD LLC,HALVEDB835BU,General Contractor,4,2343584
HAPPY AT HOME CONTRACTING LLC,HAPPYHC823KA,General Contractor,4,735781
HEART & HAMMER CONST LLC,HEARTHC768DD,General Contractor,4,370000
HIGH VALUE ASSETS LLC,HIGHVVA780NE,General Contractor,4,307988
HOME CARE CONTRACTORS LLC,HOMECCC834M1,General Contractor,4,439655
HORIZON RETAIL CONST INC,HORIZRC072N5,General Contractor,4,426673
HOWE INTERIORS AND CONST LLC,HOWEIIC831PE,General Contractor,4,733658
HUB CONSTRUCTION GROUP LLC,HUBCOCG835N2,General Contractor,4,1713982
HUNTER DESIGN LLC,HUNTEDL891KB,General Contractor,4,375000
IRONS BROTHERS CONSTRUCTION IN,IRONSBC961LC,General Contractor,4,43089
JESUS BLESS ME RMDLNG/CONT LLC,JESUSBM761CN,General Contractor,4,340000
JMP CONSTRUCTION LLC,JMPCOCL826JW,General Contractor,4,2030437
JOE MYERS CONSTRUCTION INC,JOEMYMC951PP,General Contractor,4,370000
JOSH NIEDERBERGER CNTRTING LTD,JOSHNCL007L1,General Contractor,4,675000
JSM CONSTRUCTION INC,JSMCOCI772BK,General Contractor,4,270824
LEWIS CONSTRUCTION GROUP LLC,LEWISCG873B5,General Contractor,4,868155
LIMELITE DEVELOPMENT LLC,LIMELDL782LZ,General Contractor,4,1902398
LOCAL BUILT HOMES LLC,LOCALBH761Q2,General Contractor,4,1218074
MARIO SOLEDAD LLC,MARIOSL882KD,General Contractor,4,656089
MARK WAHLQUIST CONSTRUCTION CO,MARKWWC920MQ,General Contractor,4,175000
MARTINE CONSTRUCTION NW LLC,MARTICN882CN,General Contractor,4,167873
MCKINSTRY CO LLC,MCKINCL942DW,General Contractor,4,319800
MODERN BUILDINGS,MODERB*850B1,General Contractor,4,1407000
MODERN CARPENTRY LLC,MODERCL811LL,General Contractor,4,293750
MW BUILDS LLC,MWBUIBL780NH,General Contractor,4,1180000
NATIONAL RESTORATION CONST LLC,NATIORC792M6,General Contractor,4,237000
NOBLE WOODWORK INC,NOBLEWI821JB,General Contractor,4,227589
NOR-PAC SEATING COMPANY INC,NORPASC968RA,General Contractor,4,595825
NORTH CAPE CONTRACTORS LLC,NORTHCC814JZ,General Contractor,4,1984111
NW BUILDERS & RENOVATION,NWBUIBR813NK,General Contractor,4,180000
O'CONNELL LEGACY BUILDERS,OCONNLB855MU,General Contractor,4,481104
ORR RESTORATION & REMODEL LLC,ORRRERR880Q6,General Contractor,4,573644
PACIFIC CONSTRUCTION SVCS LLC,PACIFCS781D9,General Contractor,4,1504268
PRESTIGIOUS BUILD LLC,PRESTBL824CH,General Contractor,4,868630
PRO DECKS NW LLC,PRODEDN772PL,General Contractor,4,43480
PROBUILD CONSTRUCTION,PROBUC*813KC,General Contractor,4,315000
Plumb Level Square LLC,PLUMBLS867DQ,Commercial,4,283000
R & R CUSTOM CONSTRUCTION LLC,RRCUSRC784DU,General Contractor,4,506654
RAIN CITY CONTRACTING LLC,RAINCCC862MT,General Contractor,4,251650
RENEWAL REMODELS & ADDITIONS,RENEWRA866JG,General Contractor,4,964125
SCHILPEROORT & BROOKS INC,SCHILBI993NC,General Contractor,4,488627
SCHUMACHER CONSTRUCTION,SCHUMC*770OK,General Contractor,4,190000
SCHUMACHER DESIGN BUILD LLC,SCHUMDB780RL,General Contractor,4,205000
SEA & SHORE CONSTRUCTION INC,SEASHCI099QD,General Contractor,4,120000
SEA RENOVATION INC,SEARERI774PR,General Contractor,4,215000
SEATTLE ADU,SEATTA*811RQ,General Contractor,4,412128
SLEDGE SEATTLE LLC,SLEDGSL829JQ,General Contractor,4,60500
SONS OF THUNDER CONST LLC,SONSTTC784C4,General Contractor,4,200000
STAR CONSTRUCTION WA LLC,STARCCW791L5,General Contractor,4,58458
T&A NORTHWEST CO.,TNORTNC792B2,General Contractor,4,84001
TAKE TWO CONSTRUCTION LLC,TAKETTC824JZ,General Contractor,4,569189
TNT CONTRACTING LLC,TNTCOCL789BO,General Contractor,4,144481
TOPAZ REMODELING INC,TOPAZRI777OA,General Contractor,4,317939
TOUCHSTONE BUILDERS INC,TOUCHBI014B9,Single Family/Duplex,4,565000
TROWBRIDGE LLC,TROWBL*825JR,General Contractor,4,206000
Urban Oasis Dsgn & Const LLC,URBANOD903J8,General Contractor,4,220155
VALOR BUILDS COLLABORATIVE LLC,VALORBC846DT,General Contractor,4,1730950
W R HANSON INC,WRHAN**251B1,General Contractor,4,752567
W S FELDT GENERAL CONTR INC,WSFELGC999B9,General Contractor,4,360000
WALEFINS CONSTRUCTION LLC,WALEFCL798OT,General Contractor,4,1160000
"WHITING-TURNER CONTR CO, THE",WHITITC099LG,General Contractor,4,395000
ZSA INC,ZSAINI*846CW,General Contractor,4,12427771
12 DECKS & FENCES LLC,12DECDF813MN,General Contractor,3,25500
14 CONSTRUCTION LLC,14CONCL771LE,General Contractor,3,1868335
425 REMODEL LLC,425RERL793BO,General Contractor,3,675307
A & M HOMES LLC,MHOMEHL865KA,General Contractor,3,2162037
ACE CONSTRUCTION SERVICES,ACECOCS813O5,General Contractor,3,18033490
ALTERED EARTH WORKS,ALTEREW775ND,General Contractor,3,76530
ARRAY BUILD LLC,ARRAYBL866MC,General Contractor,3,1547283
ASCENDENT LLC,ASCENL*996N9,General Contractor,3,50000
AVALON NW INC,AVALONI044DM,General Contractor,3,250000
Alexander Hiebert,ADVANRA792K4,Single Family/Duplex,3,1391268
AmyWorks Inc,AMYWOI*899RT,General Contractor,3,463362
BAER CONSTRUCTION INC,BAERCCI941C3,General Contractor,3,540699
BEAVERBUILD LLC,BEAVEL*764DO,General Contractor,3,490000
BEK'S CONSTRUCTION INC,BEKSCCI850KR,General Contractor,3,178079
BENNION CONSTRUCTION LLC,BENNICL901D6,General Contractor,3,230000
BLACKWOOD EXCAVATION LLC,BLACKEL774PF,General Contractor,3,520000
BLUE CANYON CONSTRUCTION INC,BLUECC*043D7,General Contractor,3,175000
BLUE LAKE CONSTRUCTION LLC,BLUELLC760C3,General Contractor,3,425779
BUILDING RESOURCES INC,BUILDRI949BQ,General Contractor,3,156511
BURL,BURL***761NL,General Contractor,3,107421
Brakebill Construction Inc,BRAKECI811J6,General Contractor,3,395000
C4DIGS INC,C4DIGI*902DZ,General Contractor,3,1588230
CASCADE BUILT LLC,CASCABL906BK,General Contractor,3,1146321
CASCADE VISTA DEVELOPER LLC,CASCAVD760NE,General Contractor,3,4772955
CHARDOUL SUTTER CONST INC,CHARDSC927DK,General Contractor,3,377509
CHERMAK CONSTRUCTION INC,CHERMCI110NU,General Contractor,3,185157
CLARK CONSTRUCTION GROUP LLC,CLARKCG963M2,General Contractor,3,4562934
COHO ENTERPRISES LLC,COHOEEL785BD,General Contractor,3,250000
CONSTRUCTION EXPEDITORS LLC,CONSTEL920CR,General Contractor,3,215000
CORNERSTONE CONST/SEATTLE INC,CORNECI962RO,General Contractor,3,809600
CORNERSTONE HOME RENOVATRS LLC,CORNEHR832BK,General Contractor,3,380000
CUSTOM WERX DESIGN,CUSTOWD825P6,General Contractor,3,316033
CUZKO CONSTRUCTION LLC,CUZKOCL761NN,General Contractor,3,470000
D L J WOODWORKS,DLJWO**001J8,General Contractor,3,280000
D3 PROJECTS LLC,D3PROPL767Q1,General Contractor,3,1174224
DAYLIGHT HABITAT LLC,DAYLIHL856K9,General Contractor,3,123000
ECO LINE PROJ MANAGEMENT LLC,ECOLILP919D3,General Contractor,3,64000
EKD ESTATES LLC,EKDESEL773KC,General Contractor,3,905087
ELLSWORTH BUILDERS INC,ELLSWBI099CF,General Contractor,3,292000
EMERALD REMODELING LLC,EMERARL771BZ,General Contractor,3,455000
ENERGY MANAGEMENT SERVICES INC,ENERGMS813RS,General Contractor,3,404556
EVERCREST WA BUILDERS LLC,EVERCWB770RD,General Contractor,3,27000
EVERGREEN HOME EXTERIORS,EVERGHE819RP,General Contractor,3,110869
EXPERT ENVIRONMENTAL SRVCS LLC,EXPERES817PA,General Contractor,3,634501
EXSTATIC LLC,EXSTAL*775LT,General Contractor,3,1488052
Elite Remodeling LLC,ELITERL864B1,General Contractor,3,95000
Equinox builders llc,EQUINBL781NE,Single Family/Duplex,3,249044
FINE ELEMENT CONSTRUCTION LLC,FINEEEC751KE,General Contractor,3,332931
GARTON DEVELOPMENTS LLC,GARTODL770MP,General Contractor,3,1898367
GLORIA CONNORS,,Commercial,3,300000
GOEDECKE BUILDERS LLC,GOEDEBL831RN,General Contractor,3,405149
GPROJECTS LLC,GPROJL*981NB,General Contractor,3,2721708
GRR LLC,GRRLLL*824NC,General Contractor,3,255000
GS KITCHEN & BATH LLC,GSKITKB776R2,General Contractor,3,473564
HABERZETLE HOMES INC,HABERHI863N6,General Contractor,3,1753096
HANDYMAN RESCUE TEAM,HANDYRT823NU,General Contractor,3,105000
HANSEN RENOVATION INC,HANSERI931DF,General Contractor,3,500000
HAWK BUILDING LLC,HAWKBBL824BQ,General Contractor,3,175000
HELDRIDGE CONSTRUCTION LLC,HELDRCL871KC,General Contractor,3,1007113
HILGER CONSTRUCTION INC,HILGECI033QK,General Contractor,3,40000
HOOKS CONSTRUCTION,HOOKSC*773NC,General Contractor,3,157158
HOUSEWORKS CONSTRUCTION CO,HOUSECC093L6,General Contractor,3,76231
HTECC-HAWAII TECH ENV CONST CO,HTECCTE766P2,General Contractor,3,1210072
HUIZENGA GROUP LLC,HUIZEGL833DG,General Contractor,3,210000
HUNNY & SUNNY HOMES LLC,HUNNYSH780N6,General Contractor,3,2388035
Hutyler Consulting,HUTYLC*871D5,General Contractor,3,199900
IMAR GARDEN ARCHIT & MAINT INC,IMARGGA883J6,General Contractor,3,65000
IN HARMONY SERVICES INC,INHARS*973PC,General Contractor,3,225000
INNATE AEC LLC,INNATAL768JP,General Contractor,3,326000
INNOVATIVE CONST SOLUTIONS,INNOVCS781K5,General Contractor,3,1018000
J HUGHES CONSTRUCTION INC,JHUGHCI051P6,Commercial,3,4263625
J&J GENERAL CONTRACTING LLC,JJGENGC818PT,General Contractor,3,45000
JC PLASTER & STUCCO LLC,JCPLAPS811L1,General Contractor,3,2435000
JK BUILD LLC,JKBUIBL799DU,General Contractor,3,656000
JOE HALL CONSTRUCTION INC,JOEHAC*259RT,General Contractor,3,720000
JONATHAN DAVID BUILDING CO LLC,JONATDB762CF,General Contractor,3,540000
KIMO CONSTRUCTION,KIMOCC*806NO,General Contractor,3,60000
KLB CONSTRUCTION LLC,KLBCOCL766OZ,General Contractor,3,253354
LAVILLE BUILDERS LLC,LAVILB*772QG,General Contractor,3,325000
LEFAM REALTY LLC,LEFAMRL756B9,General Contractor,3,254141
LEN CAN BUILDERS INC,LENCACB932NZ,General Contractor,3,244768
LEWDUN CONSTRUCTION LLC,LEWDUCL762O5,General Contractor,3,522000
LNL BUILDS LLC,LNLBUBL821PH,General Contractor,3,2814091
LOYALTY HOMES LLP,LOYALHL770NT,General Contractor,3,987398
LUCAS DESIGNS LLC,LUCASDL744DZ,General Contractor,3,1006686
LUXURY CONSTRUCTION LLC,LUXURCL778NS,General Contractor,3,65000
M R CONSTRUCTION,MRCON**077RZ,General Contractor,3,838371
MAGAZINE QUALITY KITCHENS,MAGAZQK847DT,General Contractor,3,310500
MAND CONSTRUCTION LLC,MANDCCL823N7,General Contractor,3,241403
MODE CONTRACTING LLC,MODECCL901MB,General Contractor,3,504097
MORRIS CONSTRUCTION SRVC INC,MORRICS822OQ,General Contractor,3,116000
MOUNT BAKER REMODELING LLC,MOUNTBR923MG,General Contractor,3,402000
NAUGHTY ROTTIES DIRT WORKS LLC,NAUGHRD773KA,General Contractor,3,385000
NEWPORT WEST LLC,NEWPOWL835RG,General Contractor,3,1457743
NIC'S CONSTRUCTION LLC,NICSCCL801NS,General Contractor,3,155000
NOBLE SOLID SURFACE LLC,NOBLESS836PT,General Contractor,3,174665
NORDIC SERVICES INC,NORDISI180QA,General Contractor,3,676000
NORTHERN STAR CONSTRUCTION,NORTHSC780MR,General Contractor,3,820000
NORTHWEST PRECISION BLDRS LLC,NORTHPB763OK,General Contractor,3,400000
NW INVESTMENT BUILDERS LLC,NWINVIB892JA,General Contractor,3,1484992
NWIN HOMES LLC,NWINHHL774QF,General Contractor,3,1602331
OMEGA LIMITED CONSTRUCTION LLC,OMEGALC936QG,General Contractor,3,199768
OPTIMUS CONST AND DEV INC,OPTIMCD856LK,General Contractor,3,88000
PACIFIC RESTORATION NW LLC,PACIFRN751BT,General Contractor,3,98500
PACIFICA LANDSCAPES LLC,PACIFLL873O4,General Contractor,3,82000
PATRICELLI CONSTRUCTION INC,PATRICI024M7,General Contractor,3,305000
PAU HANA PRODUCTIONS LLC,PAUHAHP875R3,General Contractor,3,269966
PAUL DAVIS RESTORATION,PAULDDR932L5,General Contractor,3,315000
PCL CONSTRUCTION SRVC INC,PCLCOSI099NW,General Contractor,3,129448000
PDK CONSTRUCTION,PDKCOC*766BU,General Contractor,3,485068
PIVOTAL CONSTRUCTION,PIVOTC*773KK,General Contractor,3,1089387
PMACGC LLC,PMACGL*812B2,General Contractor,3,486541
PNW KL CONSTRUCTION LLC,PNWKLKC831P3,General Contractor,3,380000
PREMIER FIELD DEVELOPMENT,PREMIFD971RW,General Contractor,3,1528250
Pacific Building Envelope Inc,PACIFBE890J1,General Contractor,3,3295000
QUEEN ANNE PAINTING CO INC,QUEENAP099KF,General Contractor,3,65574
R H H CONSTRUCTION LLC,RHHCOHH894PQ,General Contractor,3,649680
R L CONSTRUCTION,RLCONLC883PB,General Contractor,3,70000
R&J DREAM MAKERS LLC,RJDREDM821R6,General Contractor,3,80000
REILEX CONSTRUCTION LLC,REILECL805M2,General Contractor,3,90000
REINBUILT CORPORATION,REINBC*777K2,General Contractor,3,138594
RENEW HOMES NORTHWEST LLC,RENEWHN766QH,Single Family/Duplex,3,927744
ROOFSMART,ROOFS**797BK,General Contractor,3,461902
RUSSO BUILDERS LLC,RUSSOBL760KA,General Contractor,3,93261
RW ANDERSON SERVICES INC.,RWANDAS882L1,General Contractor,3,453433
RYAN COMPANIES US INC,RYANCCU886BP,General Contractor,3,37829568
Restored Design and Remodel,RESTODR859O4,General Contractor,3,226000
S W HATHAWAY INC,SWHATWH961PL,General Contractor,3,1546649
SCOT ECKLEY INC,SCOTEI*995D8,General Contractor,3,200000
SCRIBE CONSTRUCTION LLC,SCRIBCL837D1,General Contractor,3,59000
SEATTLE ROCKERIES LLC,SEATTRL802KF,General Contractor,3,37000
SHARP CONSTRUCTION LLC,SHARPCL953D2,General Contractor,3,604202
SIERRA CONSTRUCTION CO INC,SIERRCC145N8,General Contractor,3,70318404
SNOQUALMIE CONST SERVICES LLC,SNOQUCS761L7,General Contractor,3,135000
SPECTRUM MASTER BUILDERS,SPECTMB873DM,General Contractor,3,517355
STAUDT CONSTRUCTION LLC,STAUDCL781PG,General Contractor,3,523321
STEELHEAD COMMUNICATIONS INC,STEELCI972BS,General Contractor,3,195000
STEFAN KRISTJANSON,STEFAK*961CC,General Contractor,3,325000
T&T GROUP,TTGROG*813KZ,General Contractor,3,447330
TERRAIN SEATTLE CO,TERRASC914QK,General Contractor,3,330001
THOMAS FRAGNOLI CONSTRUCTION,THOMAFC861K8,General Contractor,3,871000
TRA CON,TRACOC*753PA,General Contractor,3,620815
TREEBIRD LLC,TREEBL*968OH,General Contractor,3,911879
TRUE BUILD,TRUEBB*781RM,General Contractor,3,1547731
VALENCIA CONSTRUCTION,VALENC*820KM,General Contractor,3,235000
VILLAGE BUILDERS LLC,VILLABL746CK,General Contractor,3,8483476
WATERS & WOOD INCORPORATED,WATERWI088RM,General Contractor,3,395600
WEST SEATTLE HANDYMAN & DSGN,WESTSSH783QS,General Contractor,3,31150
WILKINSON BUILDERS LLC,WILKIBL877QQ,General Contractor,3,535000
YAKUSH HOLDING LLC,YAKUSHL775R2,General Contractor,3,138000
3 KINGS ENVIRONMENTAL INC,3KINGEI036K3,General Contractor,2,210000
ABC BUILD LLC,ABCBUBL823N3,General Contractor,2,157838
ACADIA BUILDERS GROUP LLC,ACADIBG799N3,General Contractor,2,748769
ACTION INDUSTRIES LLC,ACTIOIL796JA,General Contractor,2,80000
ADAMS CONSTRUCTION SRVCS INC,ADAMSCS022DR,General Contractor,2,450000
ADAPT BUILDING DEVELOPMENT LLC,ADAPTBD816BP,General Contractor,2,710840
ADEKCO LLC,ADECOL*813J3,General Contractor,2,170000
"ADSE HOME IMPROVEMENTS, LLC",ADSEHHI787B5,Single Family/Duplex,2,136295
AERIE REMODEL & CONST SRVS LLC,AERIERC773O8,General Contractor,2,450000
AHORA CONSTRUCTION LLC,AHORACL820C8,General Contractor,2,170000
AKHIS REMODELING LLC,AKHISRL796QW,General Contractor,2,305816
ALAIR HOMES SEATTLE,ALAIRHS753RE,General Contractor,2,210884
ALCHEMY BUILDING COMPANY LLC,ALCHEBC890KS,General Contractor,2,901012
ALEXANDER'S U-RENT INC,ALEXAUI776D8,General Contractor,2,5000
ALL INCLUSIVE HOME DESIGN LLC,ALLINIH848QH,General Contractor,2,680686
ALL PRO GENERAL CONST INC,ALLPRPG773DM,General Contractor,2,175000
ALL TASKS STANDARD HTG/COOLING,ALLTATS919KL,General Contractor,2,57500
ALLIANCE LANDSCAPE SERV NW INC,ALLIALS861QG,General Contractor,2,43847
ALPHA DEVELOPERS LLC,ALPHADL793M8,General Contractor,2,135284
AMERICAN RAILWORKS LLC,AMERIRL893CC,General Contractor,2,300000
AMOGH CONSTS & RMDLNG LLC,AMOGHCR762OR,General Contractor,2,326795
ANCHOR TWO LLC,ANCHOTL787O1,General Contractor,2,280000
ANK CONSTRUCTION INC,ANKCOCI922O4,General Contractor,2,80000
APEX CUSTOM BUILDERS LLC,APEXCCB808BH,General Contractor,2,420000
APEX PAINTING COMPANY,APEXPC*011OS,General Contractor,2,281000
ASPEN RENOVATE LLC,ASPENRL796NR,General Contractor,2,170000
AULE-GROUP LLC,AULEGL*765NB,General Contractor,2,247452
AYERS CUSTOM CONSTRUCTION LLC,AYERSCC887RJ,General Contractor,2,58000
Able Const  and Maint LLC,ABLECC*902B2,General Contractor,2,517466
American Prestige Homes Inc,AMERIPH864JD,General Contractor,2,37000
Ascentus Ventures LLC,ASCEN**907CC,Single Family/Duplex,2,286000
BAIRD DESIGNS INC,BAIRDDI929JG,General Contractor,2,135000
BARCELO DEVELOPMENT LLC,BARCEDL756DJ,General Contractor,2,405000
BD BUILDS LLC,BDBUIBL801QZ,General Contractor,2,330000
BEAM TEAM CONSTRUCTION INC,BEAMTTC830N3,General Contractor,2,6000
BEST COAST CONSTRUCTION LLC,BESTCCC776KZ,General Contractor,2,479606
BIG FINISH INC,BIGFIFI857CP,General Contractor,2,79050
BLACK HAWK REMODEL LLC,BLACKHR881CS,General Contractor,2,280000
BLUE CORE POWER LLC,BLUECCP8415N,General Contractor,2,150000
BLUE SIERRA CAPITAL,BLUESSC764LP,General Contractor,2,104289
BLUE SKY CARPENTRY INC,BLUESSC929Q5,General Contractor,2,484840
BLUSKY RESTORATION CONTR LLC,BLUSKRC8543E,General Contractor,2,1156246
BNM GREEN HOUSING LLC,BNMGRGH824JP,General Contractor,2,125000
BOARDWALK INTERIORS LLC,BOARDIL774CL,General Contractor,2,189488
BOGOMAZ LLC,BOGOML*919BT,General Contractor,2,50000
BOSS CONSTRUCTION INC,BOSSCI*083N5,General Contractor,2,209368
BOULDER PEAK RESTORATION LLC,BOULDPR766D8,General Contractor,2,78859
BOYCE CONSTRUCTION INC,BOYCECI066QQ,General Contractor,2,440000
BRADY MAINT & HNDYMN SRVCS INC,BRADYMH830JM,General Contractor,2,47029
BRIGHTEN CONSTRUCTION LLC,BRIGHCL806CS,General Contractor,2,525014
BRIXTON BUILDERS INC,BRIXTBI981PD,General Contractor,2,135000
BUILD GROUP INC,BUILDGI806RJ,General Contractor,2,534948
BUILDERS SHOWPLACE LLC,BUILDSL871CF,General Contractor,2,541355
BUILTWELL CO LLC,BUILTCL835KE,General Contractor,2,160000
BULLDOG CONST & REMODELING LLC,BULLDCR925KF,General Contractor,2,195000
BURKE RE SERVICES LLC,BURKERS774Q9,General Contractor,2,29353
BURTON CONSTRUCTION INC,BURTOCI038MZ,General Contractor,2,370000
Bakstad Construction LLC,BAKSTCL924QG,General Contractor,2,125000
Brock Builds,BROCKB*878OT,General Contractor,2,160000
Buddha Builders LLC,BUDDHBL825QB,General Contractor,2,5000
C&M REMODELING LLC,CMREMRL827QF,General Contractor,2,345487
CAMGENUITY LLC,CAMGEL*910Q5,General Contractor,2,350000
CATCH CONSTRUCTION LLC,CATCHCL805LW,General Contractor,2,295072
CBJ PROPERTY INVESTMENTS LLC,CBJPRPI776N5,General Contractor,2,1632073
CCM ARCHITECTURE & CNSTRCTN,CCMARAC834J6,General Contractor,2,280000
CDK CONSTRUCTION LLC,CDKCOCL752CL,General Contractor,2,740000
CENTERRA ALLIANCE LLC,CENTEAL824KN,General Contractor,2,75000
CENTREVILLE CONST (US) INC,CENTRCU791D3,General Contractor,2,600000
CENTURIAN PROPERTIES LLC,CENTUPL925RJ,General Contractor,2,323100
CERRETI HOMES LLC,CERREHL763RR,General Contractor,2,774539
CHOICE CONSTRUCTION GROUP LLC,CHOICCG831O1,General Contractor,2,480000
CHUMLEY CONSTRUCTION LLC,CHUMLCL890ME,General Contractor,2,23450
CITY HOMES LLC,CITYHHL829P2,General Contractor,2,331322
CLR CONSTRUCTION INC,CLRCOCI762KP,General Contractor,2,111716
COBALT CONSTRUCTION LLC,COBALCL851BN,General Contractor,2,347000
COHO CONSTRUCTION & DESIGN LLC,COHOCCD812P9,General Contractor,2,38000
COLVOS CONSTRUCTION LLC,COLVOCL832CZ,General Contractor,2,900000
COMMERCIAL RESTORATION CO LLC,COMMERC821NM,General Contractor,2,303000
CONSTANT NORTHWEST CNST SV LLC,CONSTNC764KF,General Contractor,2,270000
CONTEXT DESIGN/BUILD INC,CONTEDB994KN,General Contractor,2,116971
CONTOUR BUILDS,CONTOB*762PC,General Contractor,2,513882
CORNERSTONE CONST GROUP INC,CORNECG877P5,General Contractor,2,20000
CORR CRAFTSMEN LLC,CORRCCL761QQ,General Contractor,2,210000
CTI CONSTRUCTION INC,CTICOCI973KR,General Contractor,2,30000
Casa Bella LLC,CASABBL823LO,General Contractor,2,277684
Charter Construction,CHARTCL776J5,Multifamily,2,252000
Crowder Construction LLC,CROWDCL874O5,General Contractor,2,350000
DAVIS DOOR SERVICE INC,DAVISDS181C8,Multifamily,2,110000
DAWIT GC LLC,DAWITGL756M1,General Contractor,2,180480
DB GENERAL CONTRACTORS INC,DBGENGC943O9,General Contractor,2,200000
DECK PRO,DECKP**924BP,General Contractor,2,57000
DEER HARBOR GROUP,DEERHHG767RJ,General Contractor,2,600000
DELEN CONSTRUCTION SRVS INC,DELENCS904QS,General Contractor,2,450000
DESIGN BY OZ LLC,DESIGOL826N9,General Contractor,2,26368
DEVONSHIRE LANDSCAPES INC,DEVONLI951B8,General Contractor,2,47496
DHC CONTRACTING INC,DHCCOCI764D1,General Contractor,2,79939
DIABLO TELECOM & CONST INC,DIABLTC750CQ,General Contractor,2,55000
DIEHL CONSTRUCTION LLC,DIEHLCL902DW,General Contractor,2,22917
DIRT MERCHANTS GC LLC,DIRTMMG760RB,General Contractor,2,720608
DOLAN CONSTRUCTION INC,DOLANCI802B1,General Contractor,2,1026129
DT REMODELING INC,DTREMRI813K3,General Contractor,2,226937
E & H CONSTRUCTION CO,EHCONC*137OQ,General Contractor,2,4000000
EAKMAN CONSTRUCTION,EAKMAC*771C4,General Contractor,2,408727
ELAM CONSTRUCTION LLC,ELAMCCL821DG,General Contractor,2,766018
ELEVATE INVESTMENTS INC,ELEVAII783BJ,General Contractor,2,50000
ELEVATED RESTORATION SRVCS LLC,ELEVARS778P3,General Contractor,2,200224
ELLIOTT BAY CONSTRUCTION LLC,ELLIOBC772P6,General Contractor,2,226000
"ENGINEERED PRODUCTS, A PAPE CO",ENGINPC931CO,General Contractor,2,330000
ERICSSON INC,ERICSI*909LH,General Contractor,2,65000
ERNIE LOBERG CONST CO INC,ERNIELC846P8,General Contractor,2,550000
ETERNIA CONSTRUCTION LLC,ETERNCL781NK,General Contractor,2,57000
EULER CONSTRUCTION LLC,EULERCL838KP,General Contractor,2,215000
EVERNORTH BUILDERS,EVERNB*775KH,General Contractor,2,280000
Envision Builders Inc,ENVISBI752MC,Single Family/Duplex,2,65315
F & M CONST & REMODELING LLC,FMCONMC877MR,General Contractor,2,461431
FACILITIES MAINT MNGMNT LLC,FACILMM771DA,General Contractor,2,488019
FDC CONSTRUCTION LLC,FDCCOCL825QA,Single Family/Duplex,2,248667
FELICITY CONSTRUCTION LLC,FELICCL786PS,General Contractor,2,8000
FIX ALL CONSTRUCTION LLC,FIXALAC837D8,General Contractor,2,40000
FORSYTH BUILDERS,FORSYB*846PM,General Contractor,2,796890
Fabian Quiroga,GREENBN861QE,Single Family/Duplex,2,4000
G M G CONSTRUCTION INC,GMGCOI*981JB,General Contractor,2,455000
GALUS & GALUS,GALUSG*088QP,General Contractor,2,260800
GIAMMARCO BONFATTI LLC,GIAMMBL763KW,General Contractor,2,1195993
GMD CUSTOM,GMDCUC*911DW,General Contractor,2,750000
GMV CONSTRUCTION LLC,GMVCOCL850JC,General Contractor,2,250000
GOLDFINCH BROS INC,GOLDFB*346L0,General Contractor,2,65000
GRADUATE CONSTRUCTION LLC,GRADUCL902PE,General Contractor,2,117570
GROUNDWORK PROPERTIES INC,GROUNPI844M5,General Contractor,2,360000
GT BUILDERS,GTBUIB*757J1,General Contractor,2,3253914
GUARDIAN CONSTRUCTION LLC,GUARDCL900KS,General Contractor,2,250216
Goedecke Builders,,Single Family/Duplex,2,981620
H A J CONSTRUCTION INC,HAJCOI*085D3,General Contractor,2,500000
HAJRO DEDIC CONTRACTOR,HAJRODC992QB,General Contractor,2,220286
HALFON CONSTRUCTION CO INC,HALFOCC033CK,General Contractor,2,571915
HAUS MAUS LLC,HAUSMML772NN,General Contractor,2,453470
"HAVEN CARPENTRY, LLC",HAVENCL757KZ,General Contractor,2,81207
HAZEL POINT COMPANY,HAZELPC879BS,General Contractor,2,46520
HD SEATTLE,HDSEAS*762QG,General Contractor,2,63000
HEDLUND BUILDERS INC,HEDLUBI005BE,General Contractor,2,553620
HEVERLEY SERVICES LLC,HEVERSL917MF,General Contractor,2,225000
HIGHLAND DRIVE HOMES LLC,HIGHLDH744JT,General Contractor,2,3561400
HOLM ENTERPRISE LLC,HOLMEEL926PM,General Contractor,2,258318
HOME RENOVATION AC LLC,HOMERRA771N2,General Contractor,2,19133
HOME SERVICE SPECIALISTS,HOMESSS812B4,General Contractor,2,23000
HR SOLUTIONS LLC,HRSOLSL794O1,General Contractor,2,224558
IDEAL HOME REPAIR SERVICES LLC,IDEALHR769BZ,General Contractor,2,260376
IKKA CONSTRUCTION LLC,IKKACCL946KK,General Contractor,2,410373
IN DEVELOPMENT LLC,INDEVL*779D8,Single Family/Duplex,2,1228000
INFUSE DESIGN LLC,INFUSDL940CA,General Contractor,2,80000
INTERCRUS DECKS LLC,INTERDL762CW,General Contractor,2,21730
INTERIOR DREAM BUILDERS LLC,INTERDB812MU,General Contractor,2,218000
INTERNATIONAL BLDG INVEST INC,INTERBI900P8,General Contractor,2,325000
ISAC CONSTRUCTION LLC,ISACCCL801NM,General Contractor,2,103000
J & C Bergman Contracting LLC,JCBERBC912B7,General Contractor,2,1479623
J & M ROOFING CONTRACTOR LLC,JMROOMR788NJ,General Contractor,2,19000
J A MARKS CONSTRUCTION INC,JMARKMC788KL,General Contractor,2,180000
J HUNTER CONSTRUCTION LLC,JHUNTCL955M8,General Contractor,2,175000
JALEN WA LLC,JALENWL764C8,General Contractor,2,650000
JD MCDOWELL CONSTRUCTION LLC,JDMCDMC832JL,General Contractor,2,152750
JENKINS RESTORATIONS,JENKIR*788R1,General Contractor,2,41297
JOHANSEN CONSTRUCTION CO LLC,JOHANCC800KL,General Contractor,2,2215830
JOHNSTON BUILDING SERVICES LLC,JOHNSBS813CG,General Contractor,2,155000
JOY DEVELOPMENTS LLC,JOYDEDL872NA,General Contractor,2,80000
JOY INC,JOYINI*830PS,General Contractor,2,36000
JRJ DEVELOPMENT PROPERTIES LLC,JRJDEPL981PA,General Contractor,2,250235
JULIUS-STEWART CONST SERVS LLC,JULIUCS820DO,General Contractor,2,105000
K HUDSON CONSTRUCTION INC,KHUDSHC968K6,General Contractor,2,139065
K R C CUSTOM REMODELING,KRCCUR*970BW,General Contractor,2,45000
KAHLER & CO LLC,KAHLECL991BE,General Contractor,2,212000
KALEB KERR LLC,KALEBKL831CP,General Contractor,2,314664
KERWIN CONST & CONSULTING INC,KERWICC855PW,General Contractor,2,415000
KEY MAR GENERAL CONST LLC,KEYMAMG770MR,General Contractor,2,377214
KIERA CONSTRUCTION LLC,KIERACL964PF,General Contractor,2,775000
KIRTLEY-COLE ASSOCIATES LLC,KIRTLAL951BC,General Contractor,2,20000
KJ RENOVATIONS LLC,KJRENRL796KK,General Contractor,2,300000
KLIK DESIGN BUILD LLC,KLIKDDB786PM,General Contractor,2,191846
KNOCKING WOOD LLC,KNOCKWL804PK,General Contractor,2,22000
KROWN CONSTRUCTION LLC,KROWNCL954KD,General Contractor,2,380000
KTM CONSTRUCTION LLC,KTMCOCL814JW,General Contractor,2,14000
KULCHIN FOUNDATION DRILLING CO,KULCHFD995QB,General Contractor,2,485000
LAKE WASHINGTON WINDOWS/DOORS,LAKEWWW901K5,General Contractor,2,30500
LAKEVIEW DESIGN & CONST INC,LAKEVDC064P2,General Contractor,2,320273
LAMB CONTRACTING LLC,LAMBCCL801JA,General Contractor,2,196000
LB NEW LIFE LLC,LBNEWNL764MU,General Contractor,2,110000
LCM DESIGN & BUILD LLC,LCMDEDB793PN,General Contractor,2,30000
LEFTHAMMER CONSTRUCTION LLC,LEFTHCL798RO,General Contractor,2,500000
LEGACY DECKING LLC,LEGACDL775QP,General Contractor,2,13000
LEGACY DEVELOPMENTS LLC,LEGACDL776PP,General Contractor,2,31974
LEXAR HOMES,LEXARH*909QT,General Contractor,2,931510
LUNA HOMES NW INC,LUNAHHN798CJ,General Contractor,2,398175
LYD CONSTRUCTION,LYDCOC*782PR,General Contractor,2,230000
Legacy Construction Group LLC,LEGACCG860QR,General Contractor,2,24500
Lorrie Voigt,,Commercial,2,1600000
M BROWN INDUSTRIES LLC,MBROWBI935CO,General Contractor,2,15000
M J TAKISAKI INC,MJTAKI*123CA,General Contractor,2,1170000
MACENA DESIGN LLC,MACENDL802JF,General Contractor,2,26000
MALONE'S LANDSCAPE CNTRNG INC,MALONLC051BU,General Contractor,2,43209
MARCH MACDONALD INC,MARCHMI055BT,General Contractor,2,1119366
MARVIN REPLACEMENT LLC,MARVIRL790LA,General Contractor,2,28012
MASTER ROOM LLC,MASTERL823P9,General Contractor,2,290000
"MATAVA CONSTRUCTION, LLC",MATAVCL765OS,General Contractor,2,83690
MAXIMA CONSTRUCTION LLC,MAXIMCL780K6,General Contractor,2,274000
MCDOWELL NW PILE KING INC,MCDOWNP011QT,General Contractor,2,155000
MCLENDON HOME SERVICES,MCLENHS880JT,General Contractor,2,46168
MEAD CONTRACTING COMPANY,MEADCCC839RF,General Contractor,2,215000
MICHIGAN WOODS CONST INC,MICHIWC852RU,General Contractor,2,158164
MIDMOUNTAIN CONTRACTORS INC,MIDMOCI972OB,General Contractor,2,9200000
MIGHTY HOUSE CONSTRUCTION,MIGHTHC918DS,General Contractor,2,824000
MIKE BACHTOLD FLOORING,MIKEBBF843BE,General Contractor,2,195000
MIKEN CONSTRUCTION LLC,MIKENCL782C3,General Contractor,2,245528
MILLENNIUM GENERAL CONTRACTING,MILLEGC752BW,General Contractor,2,1030928
MODERN CONST AND REMODEL LLC,MODERCR854B7,General Contractor,2,33000
MODERN INTERIORS,MODERI*760RT,General Contractor,2,112500
MONTELLO DESIGN LLC,MONTEDL759KZ,General Contractor,2,700000
MRN HOMES LLC,MRNHOHL885BU,General Contractor,2,2151442
MT SQUARED CONSTRUCTION LLC,MTSQUSC783M6,General Contractor,2,27380
MTT Construction LLC,MTTCOCL866KT,General Contractor,2,321320
MacCoy Home Solutions LLC,MACCOHS867LZ,General Contractor,2,270000
Moon Construction Company,MOONCC*182N7,Multifamily,2,217189
N&R CONSTRUCTION LLC,NRCONCL962KR,General Contractor,2,529361
NEW DAY CONSTRUCTION LLC,NEWDADC823QR,General Contractor,2,138819
NEW DIMENSION INTERIORS INC,NEWDIII033BN,General Contractor,2,270494
NEW LIFE ROCKERIES LLC,NEWLILR818DA,General Contractor,2,65000
NEXT LEVEL CONTRACTING,NEXTLLC834LN,General Contractor,2,277100
NG GENERAL CONSTRUCTION LLC,NGGENGC792QT,General Contractor,2,234651
NOR DESIGN & CONSTRUCTION LLC,NORDEDC812O3,General Contractor,2,186506
NORTHWEST CONTOUR BLDG CO INC,NORTHCB870CK,General Contractor,2,620141
NW BUILDER GROUP LLC,NWBUIBG838NP,General Contractor,2,775000
NWGC,NWGC***754MP,General Contractor,2,307207
Northwest Roofing Systems Inc,NORTHRS887PH,General Contractor,2,110000
OASIS CONSTRUCTION GROUP INC,OASISCG844DH,General Contractor,2,116500
OFFER THE DEAL,OFFERD*763RJ,General Contractor,2,1220000
OLYMPIC MILLWORK LLC,OLYMPML816JJ,General Contractor,2,30000
ONNI BOREN AVE SEATTLE LLC,ONNIBBA781MO,General Contractor,2,383751
ONTIVITY LLC,ONTIVL*764J9,General Contractor,2,25001
PACIFIC EXTERIORS LLC,PACIFEL917NK,General Contractor,2,38638
PACIFIC PRO GROUP LLC,PACIFPG765OF,General Contractor,2,195000
PACIFIC RMDTN/RSTRTN LLC,PACIFRL841JM,General Contractor,2,176000
PACIFIC WEST CONST & MAINT LLC,PACIFWC905PQ,General Contractor,2,142627
PALMER CONST AND REMODEL LLC,PALMECR937JQ,General Contractor,2,315000
PARAMOUNT CONST GROUP LLC,PARAMCG869LK,General Contractor,2,273227
PAULSEN CONST SRVCS LLC,PAULSCS991NB,General Contractor,2,40000
PCM CONSTRUCTION LLC,PCMCOCL789RW,General Contractor,2,190000
PELLETIER CONSTRUCTION GRP LLC,PELLECG773DW,General Contractor,2,60000
PEREZCHICA VENTURES LLC,PEREZVL803QF,General Contractor,2,103767
PERGOMATIC LLC,PERGOL*760DH,Multifamily,2,101000
PETER DAVIS BUILDERS INC,PETERDB044BJ,General Contractor,2,285694
PETERSON WORKS LLC,PETERWL888JT,General Contractor,2,861072
PIONEER DEVELOPMENT CORP INC,PIONEDC840KL,General Contractor,2,25000
PIONEER MASONRY RSTRTN CO INC,PIONEMR126DJ,General Contractor,2,2097926
PIUS KITCHEN & BATH INC,PIUSKKB937P4,General Contractor,2,686290
PIVETTA BROTHERS CONST INC,PIVETBC063B9,General Contractor,2,579731
PLACES,PLACE**760PA,General Contractor,2,257478
PLANETA WORKS LLC,PLANEWL893KS,General Contractor,2,58000
PNW DEMOLITION,PNWDED*810MW,General Contractor,2,2015000
POE CONSTRUCTION INC,POECOI*247QZ,General Contractor,2,5967015
POLYMATH PROPERTIES LLC,POLYMPL825PS,General Contractor,2,820000
PORTER CONSTRUCTION INC I,PORTECI972JM,General Contractor,2,320000
PREM1ER LLC,PREM1L*814N1,General Contractor,2,766000
PRIME BUILDERS WA LLC,PRIMEBW770L1,General Contractor,2,11055
PROSPECT DECKS AND FENCES LLC,PROSPDF806OZ,General Contractor,2,28871
Phinney Ridge Painting LLC,PHINNRP899M6,General Contractor,2,51757
QUADRUS INC,QUADRI*055BS,General Contractor,2,21000
QUENTIN CONSTRUCTION LLC,QUENTCL966D6,General Contractor,2,631350
R E SIME CONSTRUCTION LLC,RESIMES900JB,General Contractor,2,185000
R W ANDERSON HOMES,RWANDWA902BJ,General Contractor,2,1025000
R W COOK ASSOCIATES INC,RWCOOWC823OO,General Contractor,2,330000
RAVEN BUILDING COMPANY LLC,RAVENBC910RC,General Contractor,2,161961
RAYNOR CONSTRUCTION LLC,RAYNOCL847L7,General Contractor,2,59000
REDHAWK HOMES LLC,REDHAHL832QN,General Contractor,2,4759807
REGENCY NW CONSTRUCTION INC,REGENNC041J5,General Contractor,2,730000
REMODELING CHAMBERS LLC,REMODCL821CK,General Contractor,2,139000
RENOVA CONTRACTORS,RENOVC*760NA,General Contractor,2,150000
RENOVISION DESIGN & BUILD LLC,RENOVDB768D7,General Contractor,2,241661
RESCOM RAILING SYSTEMS LLC,RESCORS834BZ,General Contractor,2,63000
RESCUERS DOWN UNDER LLC,RESCUDU771KW,General Contractor,2,119000
REYES & SONS CONSTRUCTION LLC,REYESSC818D9,General Contractor,2,130000
RKC CONSTRUCTION INC,RKCCOCI943PO,General Contractor,2,1190000
"ROBISON, P H",ROBISPH090NK,General Contractor,2,375000
ROBL DESIGN BUILD INC,ROBLDBI006DO,General Contractor,2,59146
ROCK HOUSE BUILDERS LLC,ROCKHHB780QA,General Contractor,2,848042
ROWAN CONSTRUCTION INC,ROWANCI981L4,General Contractor,2,265000
RTI SERVICES LLC,RTISESL878JA,General Contractor,2,73406
RUBICON PROFESSIONAL SVS LLC,RUBICPS905DB,General Contractor,2,528635
RWS CONSTRUCTION LLC,RWSCOCL836O9,General Contractor,2,1650000
SAL'S HOMES & REMODELS LLC,SALSHHR756PU,General Contractor,2,2238000
SALTWATR CORPORATION,SALTWC*742BL,General Contractor,2,830990
SAM-SON REMODELING SERVICE,SAMSORS964JO,General Contractor,2,278001
SANDRA'S FRESH START LLC,SANDRFS841J9,General Contractor,2,868613
SAVVY CABINETRY BY DESIGN,SAVVYCD821PB,General Contractor,2,405000
SCAN DESIGN BUILD,SCANDDB766RP,General Contractor,2,153388
SCARSELLA BROS INC,SCARSBI183B8,General Contractor,2,26000000
SCHWED REMODELING LLC,SCHWERL792RZ,General Contractor,2,105000
SEA-ANCHOR MARINE CONST LLC,SEAANMC783KL,General Contractor,2,45000
SEATTLE BUILDING & MGMT LLC,SEATTBM821MR,General Contractor,2,332684
SEATTLE BUILT LLC,SEATTBL800ND,General Contractor,2,937912
SEATTLE HOUSE REMODELING LLC,SEATTHR825J3,General Contractor,2,86650
SEATTLE MOBILE BUILDERS LLC,SEATTMB814KZ,General Contractor,2,875000
SEATTLE PROS FLRNG & RMD LLC,SEAPRPF774OL,General Contractor,2,329137
SEIDER WOODWORKING LLC,SEIDEWL795ND,General Contractor,2,140000
SENSIBLE BUILDER LLC,SENSIBL871J3,General Contractor,2,7415000
SERVICEMASTER OF SEATTLE,SERVIMS944L9,General Contractor,2,31000
SHEPHERD PROPERTIES PNW LLC,SHEPHPP761K4,General Contractor,2,176037
SHIREY HOME PRO,SHIREHP816MP,General Contractor,2,20000
SHOWTIME HOME RENOVATION LLC,SHOWTHR808DF,Single Family/Duplex,2,415505
SIDE-PRO INC,SIDEPI*008N1,General Contractor,2,95953
SKANSKA USA CVL WST CA DST INC,SKANSUC919MW,General Contractor,2,130620000
SL CONST INCORPORATING LLC,SLCONCI774KZ,General Contractor,2,18500
SNOWRIDGE REMODELING LLC,SNOWRRL882B4,General Contractor,2,194999
SOCKEYE HOMES,SOCKECC932L5,General Contractor,2,306290
SOLID REBUILD,SOLIDR*903O7,General Contractor,2,414964
SOUND CONSTRUCTION,SOUNDC*828J3,General Contractor,2,99000
SOUTH SOUND STRUCTURES LLC,SOUTHSS824KG,General Contractor,2,28000
SPD CONSTRUCTION SERVICES LLC,SPDCOCS832RA,General Contractor,2,105000
STABUILT LLC,STABUL*782LN,General Contractor,2,18788
STARR RESTORATION LLC,STARRRL773D7,General Contractor,2,47832
STATE ROOFING INC,STATERI101JW,General Contractor,2,26500
STEADFAST CONSTRUCTION INC,STEADCI984J7,General Contractor,2,1179967
STEELE CONSTRUCTION SRVCS LLC,STEELCS783C4,General Contractor,2,300000
STRINGHAM CUSTOM HOMES LLC,STRINCH897PU,General Contractor,2,54463
SUNBREAK HOMES LLC,SUNBRHL792O1,General Contractor,2,18000
SUNDE BUILDERS LLC,SUNDEBL893N2,General Contractor,2,445040
SUNDQUIST ENTERPRISES LLC,SUNDQEL774PW,General Contractor,2,374366
SYNAPSE CONSTRUCTION LLC,SYNAPCL916O3,General Contractor,2,46000
Steffen Deetjen,,Industrial,2,4330360
T4 RESTORATION & CNSLT SER LLC,T4RESRC830QM,General Contractor,2,975044
TALON ENTERPRISE INC,TALONEI066KW,General Contractor,2,360000
TANGENT CONSTRUCTION INC,TANGECI107C6,General Contractor,2,110757
TB CONSTRUCTION LLC,TBCONCL822DE,General Contractor,2,256860
TCHC LLC,TCHCLL*782J7,General Contractor,2,2207541
TCL PARTNERS CORPORATION,TCLPAPC919QD,General Contractor,2,1491000
TEN PENNY STUDIO,TENPEPS935OJ,General Contractor,2,276842
THIRD ARM CONSTRUCTION INC,THIRDAC853LS,General Contractor,2,810000
THRIVE HEATING & AIR LLC,THRIVHA767ME,General Contractor,2,426315
TIANCHENG LLC,TIANCL*779B3,General Contractor,2,50000
TLG GROUP LLC,TLGGRGL778OR,General Contractor,2,298304
TM CONSTRUCTION,TMCONC*891Q8,General Contractor,2,37800
TM NEW HOMES LLC,TMNEWNH975PO,General Contractor,2,1312389
TOM W CLARK CONSTRUCTION,TOMWCC*071M6,General Contractor,2,1245649
TONE'S REMODEL/WTRPRFNG LLC,TONESRL824QG,General Contractor,2,50000
TOOTH-N-NAIL,TOOTH**790L3,General Contractor,2,110000
TOP NOTCH BUILDERS LLC,TOPNONB762OL,General Contractor,2,430000
TOWNSEND CONSTRUCTION LLC,TOWNSCL761OW,General Contractor,2,230000
TP Home LLC,TPHOMHL848PF,General Contractor,2,52773
TRIPLE NET CONST SERV LLC,TRIPLNC780O8,General Contractor,2,565333
TULA LLC,TULALL*872Q6,General Contractor,2,65000
TWC DEVELOPMENT LLC,TWCDEDL957PU,General Contractor,2,725904
TWIGS & SPIT LLC,TWIGSSL872RF,General Contractor,2,165000
TY REMODEL CO.,TYREMRC813BZ,General Contractor,2,180762
TZUN CONSTRUCTION LLC,TZUNCCL785M2,General Contractor,2,293145
Tess Jordan,GASPACI055BS,Single Family/Duplex,2,306000
UNDERWOOD FINE CONSTRUCTION,UNDERFC835N1,General Contractor,2,1200000
UNIPLEX CONSTRUCTION LLC,UNIPLCL876L6,General Contractor,2,130700
UNITED INSTALLERS,UNITEI*803C7,General Contractor,2,1057214
UNITED SEATTLE LLC,UNITESL836P7,General Contractor,2,733833
UNIVERSAL REMODELING LLC,UNIVERL815PG,General Contractor,2,60800
VAL DESIGN STUDIO LLC,VALDEDS799QR,General Contractor,2,90000
VALENCIA CON GRP CORP,VALENCG802ON,General Contractor,2,783083
VERTICAL GRAIN BUILDERS,VERTIGB760JS,General Contractor,2,195468
VIKING CONSTRUCTION GROUP,VIKINCG837LT,General Contractor,2,390000
VIO DESIGN BUILD LLC,VIODEDB903OA,General Contractor,2,70000
VIVA JUANITA,VIVAJJ*906RB,General Contractor,2,63969
Vivid Development LLC,VIVIDDL801B4,Single Family/Duplex,2,791736
WALEN CONSTRUCTION LLC,WALENCL816BP,General Contractor,2,514176
WALT KANE CONSTRUCTION LLC,WALTKKC793M7,General Contractor,2,288379
WASHINGTON ENERGY SVCS CO LLC,WASHIES851NS,General Contractor,2,17200
WAYNE'S ROOFING INC,WAYNESR205Q5,General Contractor,2,2500000
WEAVER CONSTRUCTION LLC,WEAVECL816O5,General Contractor,2,195003
WEBER DESIGN BUILD LLC,WEBERDB858L9,General Contractor,2,258024
WES CONSTRUCTION,WESCOC*916DT,General Contractor,2,1250000
WESTCOAST VENTURES LLC,WESTCVL772P4,General Contractor,2,1204084
WESTERN SPECIALTY CONTRACTORS,WESTESC851RN,General Contractor,2,82500
WESTERN VENTURES CONST INC,WESTEVC179KB,General Contractor,2,1033000
WESTROCK CONSTRUCTION LLC,WESTRCL814QK,General Contractor,2,462508
WOLF INDUSTRIES INC,WOLFIII921BD,General Contractor,2,12165
WOMBLE CORPORATION,WOMBLC*132KE,General Contractor,2,80000
WOODRIDGE CONSTRUCTION LLC,WOODRCL958CD,General Contractor,2,195000
WORKS LANDSCAPE CONST LLC,WORKSLC781P8,General Contractor,2,38248
WU CONSTRUCTION INC WA,WUCONCI892Q9,General Contractor,2,175000
Wyser Construction Co Inc,WYSERCI045N9,General Contractor,2,400000
ZEN DEVELOPMENT LLC,ZENDEDL873PS,General Contractor,2,106500
ZUMA CONTRACTING SERVICES LLC,ZUMACCS803MN,General Contractor,2,101000
1ST PROSERVICE LLC,1STPRPL807JS,General Contractor,1,500000
2112 HOMES LLC,2112HHL770OL,General Contractor,1,50000
2J CONSTRUCTION LLC,2JCONCL793N3,General Contractor,1,36704
2M RESIDENTIAL LLC,2MRESRL777QL,General Contractor,1,41942
2S DESIGN LLC,2SDESDL825M5,General Contractor,1,50000
360 HOUSE REMODELING LLC,360HOHR762BR,General Contractor,1,30000
4 CONSTRUCTION ELEMENTS CORP,4CONSCE841N2,General Contractor,1,688146
48TH DESIGN LLC,48THDDL766KT,General Contractor,1,177727
4R BUILDERS INC,4RBUIBI771KD,General Contractor,1,250000
A & D CONSTRUCTION SRVCS INC,ADCONCS936BU,General Contractor,1,10000
A & H SEPTIC SYS MATERIALS INC,AHSEPSM090JA,General Contractor,1,20000
A & J RETAINING WALLS,AJRETW*984R7,General Contractor,1,87075
A & R Construction,ARCONC*872RP,General Contractor,1,4500
A D MASTER CONSTRUCTION LLC,ADMASMC771RR,General Contractor,1,50000
A&R SOLAR,RSOLAS*825P9,General Contractor,1,85141
A-Z CONSTRUCTION SOLUTIONS LLC,AZCONCS948C7,General Contractor,1,11623
A. SANDERS CONSTRUCTION LLC,ASANDSC921OK,General Contractor,1,15000
A1 CONTRACTORS LLC,A1CONCL743DK,General Contractor,1,425000
AA Roofing & Decking LLC,AAROORD797KC,General Contractor,1,107452
AAA BUILDERS LLC,AAABUBL772RG,General Contractor,1,9000
AAMEX INC,AAMEXI*832LZ,General Contractor,1,242661
AARON CONTRACTOR LLC,AARONCL783N9,General Contractor,1,44879
ABODE CONTRACTING INC,ABODECI931JW,General Contractor,1,150000
ACCEL BUILDING & REMODELING,ACCELBR759BG,General Contractor,1,40000
ACCO ENGINEERED SYSTEMS INC,ACCOESI971DU,General Contractor,1,400000
ACG BUILDS INC,ACGBUBI793QN,General Contractor,1,1500000
ACS SEATTLE LLC,ACSSESL922BT,General Contractor,1,81000
ACT CONSTRUCTION,ACTCOC*860N6,General Contractor,1,453775
ADAMS BROTHERS CONSTRUCTN LLC,ADAMSBC885L1,General Contractor,1,20000
ADVANCED HOME REPAIRS CORP,ADVANHR833QL,General Contractor,1,8000
ADVANCED HOMES CNSTRTN LLC,ADVANHC783J2,General Contractor,1,88000
ADVANTAGE CONTRACTORS INC,ADVANCI903MM,General Contractor,1,10000
AFTER THE FIRE LLC,AFTERFL914KG,General Contractor,1,95700
AGAPE BUILT LLC,AGAPEBL770CZ,General Contractor,1,100000
AIRGAS USA LLC,AIRGAUL873C7,General Contractor,1,186000
AJS RENOVATION AND CONST,AJSRERC966O1,General Contractor,1,180000
ALEX HIGH QUALITY CONST LLC,ALEXHHQ785QQ,General Contractor,1,95000
ALIN'S CONSTRUCTION LLC,ALINSCL797CD,General Contractor,1,10000
ALL AROUND HERNANDEZ CONST LLC,ALLARAH801C6,General Contractor,1,75000
ALL INCLUSIVE CRAFTSMANSHIP,ALLINIC770NM,General Contractor,1,19000
ALL STAR POOL & SPA INC,ALLSTPS003JM,General Contractor,1,128093
ALPE LLC,ALPELL*785PJ,General Contractor,1,35000
ALPHA TECHNOLOGIES SRVCS INC,ALPHATS969NS,General Contractor,1,10000
ALPINE HOME BUILDERS LLC,ALPINHB754O9,General Contractor,1,75000
ALPINE RIDGE CONSTRUCTION INC,ALPINRC103K2,General Contractor,1,100000
ALTA DC LLC,ALTADDL774NW,General Contractor,1,54000
AMAYA BUILDER LLC,AMAYABL779ON,General Contractor,1,251193
AMAZING DECKS IN SEATTLE LLC,AMAZIDS787QM,General Contractor,1,9311
AMBIZ LLC,AMBIZL*761CG,General Contractor,1,25500
AMCON INC,AMCONI*796C5,General Contractor,1,200000
AMLIN HOME REPAIR INC,AMLINHR812PN,General Contractor,1,12000
AMO CONSTRUCTION LLC,AMOCOCL943KD,General Contractor,1,20000
AMORES CONSTRUCTION LLC,AMORECL761OP,General Contractor,1,15000
ANCHOR CONSTRUCTION LLC,ANCHOCL886PU,General Contractor,1,104020
ANCHOR GENERAL CONTRACTOR LLC,ANCHOGC761PU,General Contractor,1,70000
ANDERSON FAMILY CNSTRCTN LLC,ANDERFC750JS,General Contractor,1,7000
ANGELIQUE CONSTRUCTION,ANGELC*075NB,General Contractor,1,75000
ANGLE STONE LLC,ANGLESL835KW,General Contractor,1,15000
ANNING-JOHNSON COMPANY,ANNINC*984KB,General Contractor,1,20000
AP CUSTOM LLC,APCUSCL797OB,General Contractor,1,90000
AP RENOVATION LLC,APRENRL752C6,General Contractor,1,220000
APB LLC,APBLLL*759CC,General Contractor,1,5261
APERTURE CONSTRUCTION LLC,APERTCL850OW,General Contractor,1,7500
APL CONSTRUCTION,APLCOC*755LC,General Contractor,1,30000
AQUA DIVE SERVICES LLC,AQUADDS864KB,General Contractor,1,355895
ARCON,ARCON**792JG,General Contractor,1,350000
ARK REMODELING INC,ARKRERI848KQ,General Contractor,1,30000
ARKA REMODELING LLC,ARKARRL761CG,General Contractor,1,77309
ARNON CONSTRUCTION  LLC,ARNONCL821OE,General Contractor,1,200987
ARRIVE HOME LLC,ARRIVHL774B6,General Contractor,1,7463
ARTHUR BUILDING CO,ARTHUBC814NO,General Contractor,1,12000
ARTISAN CRAFT CONST GROUP INC,ARTISCC759KG,General Contractor,1,150000
ARTOUSH CONST & REMODELING LLC,ARTOUCR970CM,Single Family/Duplex,1,250000
AS CONTRACTOR LLC,ASCONCL805MO,General Contractor,1,250000
ASCENTUS,ASCEN**907CC,General Contractor,1,50000
AT&G BUILT LLC,GBUILBL801DZ,General Contractor,1,50000
ATLAS CUSTOM FRAMING INC,ATLASCF902D6,General Contractor,1,30000
AVA DESIGN BUILD INC,AVADEBI972OH,General Contractor,1,94000
AVALON NW LANDSCAPE LLC,AVALONL917L6,General Contractor,1,50000
AVALON PROJECT INC,AVALOPI860M4,General Contractor,1,600000
AVE GENERAL CONTRACTORS LLC,AVEGEGC781M7,General Contractor,1,20000
AVVISA CONST & REMODELING,AVVISCR770O6,General Contractor,1,210531
AWARD CONSTRUCTION INC,AWARDCI970M9,General Contractor,1,80000
AWNINGS BY DESIGN NW,AWNINDN773LL,General Contractor,1,38000
AXIA BUILT,AXIABB*75374,General Contractor,1,150000
Agile Development LLC,AGILEDL920RB,General Contractor,1,750000
Amalfi Construction,AMALFC*849O3,General Contractor,1,60000
Artistic Home Renovations LLC,ARTISHR909LM,General Contractor,1,2000
Avara Construction,AVARACI824BR,Commercial,1,150000
B Paul,,Single Family/Duplex,1,12000
B&G REMODEL,BGREMR*776MM,General Contractor,1,60000
B-Z CONSTRUCTION,BZCONC*760CK,General Contractor,1,3000
BAKER CONSTRUCTION & DEV INC,BAKERCD066CZ,General Contractor,1,587676
BALDNER SERVICES LLC,BALDNSL762RF,General Contractor,1,184613
BALLARD CONSTRUCTION INC,BALLACI851QS,General Contractor,1,2800000
BALLARD REUSE LLC,BALLARL865L4,General Contractor,1,10000
BARRIER CONTRACTING LLC,BARRICL773D7,General Contractor,1,35000
BAYSIDE HOME IMPRVMNT WA LLC,BAYSIHI765NM,General Contractor,1,45000
BE CONSTRUCTIVE,BECONC*794NT,General Contractor,1,35000
BEAR CONSTRUCTION GROUP INC,BEARCCG782JO,General Contractor,1,69199
BEAU SITZMANN LLC,BEAUSSL827N7,General Contractor,1,80000
BELL'S CONSTRUCTION,BELLSC*798PJ,General Contractor,1,149560
BELLA'S FLOORING LLC,BELLAFL837RK,General Contractor,1,30000
BELLO HOME SOLUTIONS LLC,BELLOHS783L8,General Contractor,1,45000
BELLO REPAIR & REMODEL LLC,BELLORR817OL,General Contractor,1,35000
BELLSHIRE HOMES INC,BELLSHL764BE,General Contractor,1,15000
BETTER BUILT BARNS INC,BETTEBB922LO,General Contractor,1,12939
BETTER HOMES LLC,BETTEHL764KB,General Contractor,1,175000
BEYERS CONSTRUCTION INC,BEYERCI142JC,General Contractor,1,20000
BFC CONSTRUCTION INC,BFCCOCI812O3,General Contractor,1,200000
BI HOMES INC,BIHOMHI816OP,General Contractor,1,121169
BIG CONSTRUCTION LLC,BIGCOCL830CN,General Contractor,1,8492
BILL WHEELER CONST CO INC,BILLWCC950JE,General Contractor,1,500000
BJBL Construction Company,BJBLGGC828P2,Single Family/Duplex,1,201197
BLACK DIAMOND NORTH LLC,BLACKDN785CP,General Contractor,1,175000
BLACKROCK INDUSTRIES LLC,BLACKIL941QZ,General Contractor,1,30000
BLANKET: MARKET PLACE OFFICE,,Commercial,1,150000
BLESS HOMES LLC,BLESSHL815D7,General Contractor,1,207464
BLUE HAMMER CONSTRUCTION LLC,BLUEHHC801J7,General Contractor,1,450000
BLUE LINE HOME CNST INC,BLUELLH823M7,General Contractor,1,11855
BLUE ROCK CONSTRUCTION LLC,BLUERRC772BT,General Contractor,1,350000
BNB CONTRACTORS LLC,BNBCOC*785OA,General Contractor,1,9000
BNB GENERAL CONTRACTOR LLC,BNBGEGC785BC,General Contractor,1,932000
BNBuilders,,Multifamily,1,2622128
BRANHAM S,BRANHS*827PJ,General Contractor,1,194452
BRIAN FORD WORKS LLC,BRIANFW759M9,General Contractor,1,17323
BRIDGE STREET TRADING CO LLC,BRIDGST803LB,General Contractor,1,92800
BRIGHT STREET CONSTRUCTION INC,BRIGHSC992R8,General Contractor,1,8000
BRIGHTWORK BUILDERS LLC,BRIGHBL900L8,General Contractor,1,30000
BROWN DOG HOME REMODEL LLC,BROWNDH771N2,General Contractor,1,100000
BRUCE CONSTR CMPNY BLC LLC,BRUCECC761CF,General Contractor,1,50000
BRUMFIELD CONSTRUCTION INC,BRUMFCI114K4,General Contractor,1,400
BRUTSKY BUILDS LLC,BRUTSBL783ON,General Contractor,1,170153
BT HUFF REMODEL & REPAIRS,BTHUFHR802RZ,General Contractor,1,2165
BUILDER LAND LLC,BUILDLL853OD,General Contractor,1,9050
BUILDER NICK LLC,BUILDNL775R8,General Contractor,1,50000
BUILDING & OUTDOOR SOLUTIONS,BUILDOS756L7,General Contractor,1,10000
BUILDING INNOVATIONS NW INC,BUILDIN861RW,General Contractor,1,10000
BUILDWISE CONST & RMDL LLC,BUILDCR776OQ,General Contractor,1,4000
BUILDXPERTS INC,BUILDI*772Q7,General Contractor,1,30000
BUILT NW LLC,BUILTNL801K6,General Contractor,1,450000
BUSINESS INTERIORS NW INC,BUSININ931LG,General Contractor,1,60000
BUSSE CONSTRUCTION LLC,BUSSECL850MU,General Contractor,1,46181
BUTLER CONSTRUCTION LLC,BUTLECL861NE,General Contractor,1,200000
BYD Construction LLC,BYDCOCL843CZ,Single Family/Duplex,1,48000
BZR REMODELING LLC,BZRRERL770LA,General Contractor,1,25000
Baldwin General Contrng Inc,BALDWGC884PA,General Contractor,1,1636036
Ball & Son Excavation LLC,BALLSSE891Q2,General Contractor,1,0
Bayra Amarsaikhan,TSGRERL831P3,Single Family/Duplex,1,10000
Ben Davidson,PREMICR939QR,Single Family/Duplex,1,244040
Ben Wieczorek,ARBORCC922J9,Single Family/Duplex,1,500000
"Benchmark Building Solutions, Inc",BENCHBS768P9,Commercial,1,275000
Bill Sweeney,BNBUII*990K3,Commercial,1,25000
Brian Hager,CATALCI991CW,Single Family/Duplex,1,20000
Bruce Hardy Const & Srvcs LLC,BRUCEHC884JC,General Contractor,1,25000
Builtwell Co,,Single Family/Duplex,1,86000
C & R CONSTRUCTION,CRCON**071L8,General Contractor,1,250000
C W CARPENTRY SERVICES LLC,CWCARWC806RF,General Contractor,1,10000
CALLAWAY & SONS EXCAVATING INC,CALLASE931C2,General Contractor,1,600000
CANRIGHT CONSTRUCTION LLC,CANRICL870N9,General Contractor,1,149777
CANTILEVER CONSTRUCTION LLC,CANTICL752L4,General Contractor,1,20000
CARLY GRAY DESIGN LLC,CARLYGD762CL,General Contractor,1,150000
CARMONA CONSTRUCTION FRMNG LLC,CARMOCF772JP,General Contractor,1,55000
CARRIS CONSTRUCTION LLC,CARRICL747CS,General Contractor,1,300000
CARROLL CONSTRUCTION INC,CARROCI055LO,General Contractor,1,120000
CASA SERVICES CORP,CASASSC775R8,General Contractor,1,30000
CASCADE ECOLOGY LLC,CASCAEL811QD,General Contractor,1,50000
CASPERS BUILT LLC,CASPEBL854B6,General Contractor,1,60000
CATO CONSTRUCTION LLC,CATOCCL827OL,General Contractor,1,200000
CDM CONSTRUCTION INC,CDMCOCI761B2,General Contractor,1,1163520
CENTURION HOME SERVICES LLC,CENTUHS948MC,General Contractor,1,256106
CENTURY RENOVATIONS LLC,CENTURL805PB,General Contractor,1,3000
CESAR CM CONSTRUCTION LLC,CESARCC825RK,General Contractor,1,200000
CH 1312 DEV LP,CH1311D755P7,General Contractor,1,2484123
CH 914 DEV LP,CH9149D760MT,General Contractor,1,300000
CHAPMAN CONSTRUCTION LLC,CHAPMCL845C9,General Contractor,1,40000
CHUNG CONSTRUCTION LLC,CHUNGCL743KA,General Contractor,1,10000
CIM Construction LLC,CIMCOCL895CW,General Contractor,1,10000
CITIZENS CONSTRUCTION LLC,CITIZCL770K5,General Contractor,1,15000
CITY BEE DECK & RAILING,CITYBBD748JL,General Contractor,1,10935
CLARK CONSTRUCTION INC,CLARKCI788KZ,General Contractor,1,532795
CLASSIC REMODELING NW INC,CLASSRN916MZ,General Contractor,1,300000
CLEARWATER PROPERTIES LLC,CLEARPL779PP,General Contractor,1,138533
COASTLINE CONSTRUCTION LLC,COASTCL821J7,General Contractor,1,613000
COLO PAINTING & REMODELING LLC,COLOPPR833DZ,General Contractor,1,4500
COLOR & ARCHES CORPORATION LLC,COLORAC906R7,General Contractor,1,50000
COLVICO INC,COLVII*072JH,General Contractor,1,350000
COME HOME,COMEHH*864OQ,General Contractor,1,225000
COMMERCIAL INDSTRL ROOFING INC,COMMEI*205JJ,General Contractor,1,20000
COMMERCIAL RETAIL SERVICES LLC,COMMERS891R2,General Contractor,1,35000
COMMON GROUND LLC,COMMOGL772PO,General Contractor,1,20000
COMPLETION PROJECTS CONST LLC,COMPLPC769CB,General Contractor,1,22000
CONCRETE CONSTRUCTION NW INC,CONCRCN024K6,General Contractor,1,350000
CONCRETE CULTURE LLC,CONCRCL790N5,Single Family/Duplex,1,15000
CONCRETE DREAMS LLC,CONCRDL787R8,General Contractor,1,75000
CONSTANTLY BUILDING INC,CONSTBI842RA,General Contractor,1,180000
CONSTRUCTION CONTRACTORS INC,CONSTCI921RH,General Contractor,1,1084750
CONSTRUCTIVE ENERGY INC,CONSTEI110JJ,General Contractor,1,207870
CONTECH SERVICES INC,CONTESI838DO,General Contractor,1,300000
CONVEY PLUMBING,CONVEP*793OO,General Contractor,1,20000
CORNELL'S QUALITY CONSTR INC,CORNEQC055KH,General Contractor,1,25094
CORNER 2 CORNER BUILDERS LLC,CORNE2C792K5,General Contractor,1,824000
CORNERSTONE CONSTRUCTORS LLC,CORNECL887LM,General Contractor,1,75000
CORNERSTONE GENERAL CONTRS INC,CORNEGC970J3,General Contractor,1,1087000
CP VIII OVERLAKE LLC,CPVIIVO764CW,General Contractor,1,2000
CP3 HOME SOLUTIONS LLC,CP3HOHS769LD,General Contractor,1,351895
CR MILLS CONSTRUCTION LLC,CRMILMC759BM,General Contractor,1,200000
CRAFTED DESIGN BUILD LLC,CRAFTDB844Q8,General Contractor,1,200000
CRAFTSIDE CONSTRUCTION LLC,CRAFTCL816LK,General Contractor,1,63492
CRAFTSMAN BUILDERS LLC,CRAFTBL855DZ,General Contractor,1,5000
CRE8IV WORKS INC,CRE8IWI971LL,General Contractor,1,75000
CREATIVE MAKEOVERS & RMDL LLC,CREATMR940N4,General Contractor,1,1400000
CREOWORKS,CREOW**871J4,General Contractor,1,10000
CROWE BUILDING SPECIALTIES INC,CROWEBS202NF,General Contractor,1,70000
CRUVER'S CONTRACTING LLC,CRUVECL784K7,General Contractor,1,100594
CUMMINS HANDYPRO LLC,CUMMIHL803D6,General Contractor,1,10400
CUNNINGHAM ENTERPRISES,CUNNIE*778C8,General Contractor,1,20000
CURTIN WOODWORKS,CURTIW*002M7,General Contractor,1,80000
CUSTOM CRAFT & MECHANICAL LLC,CUSTOCM760P3,General Contractor,1,200000
CUSTOM LISTING SOLUTIONS LLC,CUSTOLS763P2,General Contractor,1,13000
CUSTOM ROSE CONSTRUCTION LLC,CUSTORC829O5,General Contractor,1,80017
CW WOLFF CONSTRUCTION LLC,CWWOLWC940MS,General Contractor,1,125000
Cambium Landscapes,CAMBII*020KG,Single Family/Duplex,1,9500
Chester F Weir,,Single Family/Duplex,1,100027
Cory Turk,,Multifamily,1,200000
D HILL CONSTRUCTION LLC,DHILLHC816P8,General Contractor,1,567409
D M E CONSTRUCTION INC,DMECOI*996CH,General Contractor,1,394233
D M G Development LLC,DMGDEMG863KW,General Contractor,1,94148
D ROWLAND CONSTRUCTION INC,DROWLRC807M3,General Contractor,1,200183
D&M DRYWALL & PAINTING,DMDRYDP837CZ,General Contractor,1,21000
D' QUALITY STRUCTURES LLC,DQUALQS839LL,General Contractor,1,38400
DACO CORPORATION,DACOC**012NC,General Contractor,1,51240
DACODA HOMES INC,DACODHI842BL,General Contractor,1,750000
DAD SIDING,DADSIS*961L5,General Contractor,1,750000
DAIZY DESIGN & BUILD,DAIZYDB782JL,General Contractor,1,268555
DAMSKOV CONSTUCTION LLC,DAMSKCL877DN,General Contractor,1,12633
DANG DANG HOME RENOVATION LLC,DANGDDH759BM,General Contractor,1,200000
DAVE WEST CREATIONS LLC,DAVEWWC956MQ,General Contractor,1,155045
DAVES BUDGET DEMOLITION INC,DAVESBD812M2,General Contractor,1,0
DAVID A NICE BUILDERS INC,DAVIDNB044QL,General Contractor,1,297450
DAVID WU,,Single Family/Duplex,1,195099
DAVIS BACKHOE SERVICE LLC,DAVISBS931D8,General Contractor,1,0
DAVIS BUILT HOMES LLC,DAVISBH895JH,General Contractor,1,700000
DAWNING CONSTRUCTION LLC,DAWNICL764CE,General Contractor,1,10000
DAYSPRING CONSTRUCTION INC,DAYSPCI963C7,General Contractor,1,50000
DC PRECISION CONSTRUCTION LLC,DCPREPC750MW,General Contractor,1,52000
DE LEON GENERAL CONTRACTOR LLC,DELEOLG823PR,General Contractor,1,23425
DEEP ROOTS BUILDERS LLC,DEEPRRB784DH,General Contractor,1,200000
DELTA PAVERS LLC,DELTAPL860P3,General Contractor,1,35000
DESIGN+BUILD,DESIG**781R8,General Contractor,1,166131
DESIGNER CONCEPTS RMDLNG INC,DESIGCR800KN,General Contractor,1,10000
DESIGNTHEORY LLC,DESIGL*782KP,General Contractor,1,80000
DEWITT CONSTRUCTION,DEWITC*055MO,General Contractor,1,2000
DEX HOMES LLC,DEXHOHL762DH,General Contractor,1,30000
DH LAND PROS,DHLANLP843D4,General Contractor,1,100000
DIAMOND BUILD CORP,DIAMOBC796LQ,General Contractor,1,50000
DIG RIGHT LLC,DIGRIRL758Q6,General Contractor,1,40000
DIMENSIONAL SERVICES LLC,DIMENSL972PG,General Contractor,1,33275
DIVERSIFIED NORTHWEST INC,DIVERNI032D5,General Contractor,1,5000
DJ CONTRACTING SERVICES,DJCONCS820CN,General Contractor,1,10000
DJ GENERAL CONTRACTOR LLC,DJGENGC764C2,General Contractor,1,25000
DM Pacific LLC,DMPACPL902JT,General Contractor,1,210000
DMG REMODEL LLC,DMGRERL791NP,General Contractor,1,35000
DO IT ALL DRW PRF HDY SVCS LLC,DOITAIA825PA,General Contractor,1,70000
DOCTOR CONSTRUCTION CO,DOCTOCC062RK,General Contractor,1,120000
DOLEN CONSTRUCTION LLC,DOLENCL761N6,General Contractor,1,54794
DONE RIGHT PLMBG & SWR RPR LLC,DONERRP852N5,General Contractor,1,38855
DONICON COMPANY,DONICC*8845P,General Contractor,1,20000
DORAN CONSTRUCTION LLC,DORANCL840BN,General Contractor,1,100000
DOVECREST CO LLC,DOVECCL755NA,General Contractor,1,350000
DOW CONSTRUCTION,DOWCOC*747BH,General Contractor,1,250000
DRAGONFLY DESIGN BUILD INC,DRAGODB821DW,General Contractor,1,294695
DREAM HOME CONSTRUCTION INC,DREAMHC817B4,General Contractor,1,150000
DREAM REMODELING LLC,DREAMRL782LT,General Contractor,1,20000
DS CUSTOM CONSTRUCTION LLC,DSCUSCC823B2,General Contractor,1,30000
DSL CONTRACTING SERVICES LLC,DSLCOCS855QZ,General Contractor,1,50000
Dallas Legendre,FACILMM771DA,Multifamily,1,500000
Dowbuilt,,Single Family/Duplex,1,320000
Duvlas Rivas,RIVASIP784LS,Single Family/Duplex,1,207424
E M PRECISION LLC,EMPREL*981LO,General Contractor,1,100000
E&G ALL IN ONE CONST LLC,EGALLAO753BT,General Contractor,1,80000
E&K SOLUTIONS LLC,EKSOLSL744C7,General Contractor,1,16000
EAGLE ASPHALT SEALCTNG CO LLC,EAGLEAS979KR,General Contractor,1,40000
EAGLE HOME SERVICES LLC,EAGLEHS812BU,General Contractor,1,6000
EAGLE REMODEL & CNSTRCTN LLC,EAGLERC825NZ,General Contractor,1,111630
EAGLE ROCK LANDSCAPING INC,EAGLERL883J7,General Contractor,1,25000
EAST RIDGE CONSTRUCTION LLC,EASTRRC786LS,General Contractor,1,50000
EASTON SERVICES CORPORATION,EASTOSC764QL,General Contractor,1,525700
EASTSIDE EXCAVATION LLC,EASTSEL764RT,General Contractor,1,250000
EASTSIDE EXTERIORS LLC,EASTSEL771QF,General Contractor,1,70000
EASTSIDE KITCHEN & BATH,EASTSKB848JQ,General Contractor,1,200000
EASYBUILDING LLC,EASYBL*773N5,General Contractor,1,2400
ECKMANN DESIGN BUILD INC,ECKMADB081M7,General Contractor,1,100000
ECR CONSTRUCTION LLC,ECRCOCL812KP,General Contractor,1,40000
EDEN CUSTOM BUILDERS,EDENCCB918NS,General Contractor,1,12600
EDGE BUILT LLC,EDGEBBL851MB,General Contractor,1,50000
EDGE DESIGN & BUILD LLC,EDGEDBL990NB,General Contractor,1,15000
EFFICIENT BUILDERS LLC,EFFICBL797KP,General Contractor,1,185000
EIDE CONST INC OF BELLEVUE,EIDECIB092NK,General Contractor,1,14000
ELEMENTS HOSPITALITY,ELEMEH*884NZ,General Contractor,1,54286
ELEVATE CLIMBING WALLS LLC,ELEVACW799BL,General Contractor,1,300000
ELEVATE EXTERIORS,ELEVAE*755LB,General Contractor,1,10000
ELITE TILE & REMODEL LLC,ELITETR784QS,General Contractor,1,40000
ELKO CONSTRUCTION LLC,ELKOCCL944CL,General Contractor,1,30000
ELLENSBURG SOLAR LLC,ELLENSL891RL,General Contractor,1,41400
EMERALD CITY ENERGY INC,EMERAI*034KG,General Contractor,1,55000
EMMANUEL HOME SERVICES LLC,EMMANHS828OJ,General Contractor,1,100000
ENEMY WOODWORKS LLC,ENEMYWL769N9,General Contractor,1,100000
ENGEL CONSTRUCTION LLC,ENGELCL950M3,General Contractor,1,20000
ENTROWORKS LLC,ENTROL*943JF,General Contractor,1,60000
ENVIRONMENTAL CONSTRUCTION INC,ENVIRCI025BA,General Contractor,1,10570
ENVIROTECTURE,ENVIR**176M9,General Contractor,1,332392
EPPERSTONE HOMES LLC,EPPERHL804MM,General Contractor,1,247155
ERC CONSTRUCTION LLC,ERCCOCL813RJ,General Contractor,1,88249
ERGO LLC,ERGO*L*755R2,General Contractor,1,217959
EVANS PAINTING & CONST LLC,EVANSPC845BG,General Contractor,1,60000
EVERGREEN CONCRETE CUTTING INC,EVERGCC945CP,General Contractor,1,3000
EVERGREEN KINGSTN CNSTRCTN LLC,EVERGKC765BD,General Contractor,1,75000
EVERGROWTH CONSTRUCTION  LLC,EVERGCL815Q7,General Contractor,1,10000
EXPRESS SET FIXTURES LLC,EXPRESF851DL,General Contractor,1,500000
EXTERIOR CREW CO LLC,EXTERCC893PD,General Contractor,1,60000
EXTERRA EXCAVATION INC,EXTEREI824LD,General Contractor,1,20000
EXTREME CONSTRUCTION LLC,EXTRECL861JG,General Contractor,1,15000
Emerald City Construction & Renovations,EMERACC826PR,Single Family/Duplex,1,286250
Eran Hagiladi,,Single Family/Duplex,1,80000
Eric Mastor,SCHULMI114NC,Commercial,1,50000
FALCON CONSTRUCTION SERVICES,FALCOCS798CZ,General Contractor,1,20000
FATHOM PNW LLC,FATHOPL743C7,General Contractor,1,9570
FEATURED KITCHEN & BATH INC,FEATUKB939Q8,General Contractor,1,273995
FENIX DESIGN BUILD LLC,FENIXDB762PM,General Contractor,1,60000
FERGUSON CONSTRUCTION INC,FERGUCI000LA,General Contractor,1,30000
FERRERA'S PAINTING LLC,FERREPL771MC,General Contractor,1,84088
FIELDTURF USA INC,FIELDUI955JH,General Contractor,1,416000
"FISCHER PLUMBING CO INC, THE",FISCHPC131R1,General Contractor,1,4000
FIVE STAR GLOBAL BUILDERS INC,FIVESSG866RJ,General Contractor,1,760500
FONCECA & SON PAINTING LLC,FONCESP791PD,General Contractor,1,68000
FOREDECK BUILDERS LLC,FOREDBL779OO,General Contractor,1,70000
FORTNA CONTRACTING LLC,FORTNCL774KE,General Contractor,1,70000
FORTRESS BUILDERS INC,FORTRBI786NQ,General Contractor,1,7139
FOSS CONTRACTING LLC,FOSSCL*993M7,General Contractor,1,40000
FRADKIN FINE CONSTRUCTION INC,FRADKFC887MU,General Contractor,1,150000
FRANCO GENERAL CONTRACTOR,FRANCGC841LM,General Contractor,1,96135
FRIENDLY FRAMING INC,FRIENFI820OL,General Contractor,1,21000
FROG WORK LLC,FROGWWL792UN,General Contractor,1,750000
FRONTIER DOOR & CABINET INC,FRONTDC813L7,General Contractor,1,20000
FTS EXCAVATION LLC,FTSECAL795DB,General Contractor,1,2600
FULLER ELECTRIC INC,FULLEEI962BO,General Contractor,1,35000
FUTURE DIG LLC,FUTURDL761RS,General Contractor,1,10000
Farris Braun,FORUMCL786RN,Single Family/Duplex,1,125000
Foy Group Corporation,FOYGRGC875RZ,General Contractor,1,184809
G & D CONSTRUCTION,GDCONDC908OC,General Contractor,1,86000
G&Y CONSTRUCTION INC,GYCONCI792BN,General Contractor,1,51845
G6 RENOVATION LLC,G6RENRL893R7,General Contractor,1,375000
GAB CONSTRUCTION LLC,GABCOCL802NU,General Contractor,1,14500
GAGE CONSTRUCTION INC,GAGECCI893RM,General Contractor,1,20000
GALLAGHER CO LLC,GALLACL955RA,General Contractor,1,120000
GAMUT 360 GENERAL CONTRS LLC,GAMUT3G804RQ,General Contractor,1,600900
GAN CONSTRUCTION LLC,GANCOCL771J8,General Contractor,1,11000
GARAGES ETC INC,GARAGEI081B7,General Contractor,1,51969
GARCO CONSTRUCTION INC,GARCOCI928D5,General Contractor,1,70000
GC BUILDERS LLC,GCBUIBL799KP,General Contractor,1,52000
GENERAL MECHANICAL INC,GENERM*306QF,General Contractor,1,1500000
GIB DEVELOPMENT LLC,GIBDEDL887Q1,General Contractor,1,232098
GIBSON WORKS LLC,GIBSOWL752M3,General Contractor,1,568848
GLASS MASTERS WNDW CLNING LLC,GLASSMW826LQ,General Contractor,1,50000
GLOBAL BUILDING COMPANY LLC,GLOBABC791C2,General Contractor,1,95000
GLOBAL TRADE RESTORATION,GLOBATR857KG,General Contractor,1,25000
GLONG CONSTRUCTION CORP,GLONGCC947MM,General Contractor,1,2500000
GMC LANDSCAPES LLC,GMCLAL*814KM,General Contractor,1,50000
GO FAR CONSTRUCTION LLC,GOFARFC780PM,General Contractor,1,80000
GOAT GENERAL CONTRACTOR  LLC,GOATGGC782Q3,General Contractor,1,350000
GOOD HANDS CUSTOM FLOORING LLC,GOODHHC835K6,General Contractor,1,225000
GOODWIN CONSTRUCTION LLC,GOODWCL757JJ,General Contractor,1,300000
GORDON BROWN ASSOCIATES INC,GORDOBA077RA,General Contractor,1,70000
GOTROT,GOTRO**753DQ,General Contractor,1,10000
GRADWOHL LLC,GRADWL*902PO,General Contractor,1,2159575
GRAHAM CONST & MANAGEMENT INC,GRAHACM954CG,General Contractor,1,4379520
GRAVITY EXCAVATION LLC,GRAVIEL763PD,General Contractor,1,0
GREEN MAN BUILDERS LLC,GREENMB742CL,General Contractor,1,800000
GREEN PLANET RESTOR OF SEA,GREENPR751CJ,General Contractor,1,45000
GREEN PROPERTY SOLUTIONS LLC,GREENPS906LH,General Contractor,1,39962
GREEN VIEW WINDOWS INC,GREENVW752DM,General Contractor,1,6245
GREEN WAY CONSTRUCTION LLC,GREENWC939RO,General Contractor,1,370000
GREENE HOME REDESIGN INC,GREENHR821KN,General Contractor,1,50000
GREENLAKE HOME SERVICES,GREENHS763PH,General Contractor,1,12000
GREY WOLFE CONSTRUCTION INC,GREYWWC809P8,General Contractor,1,8000
GRM CONSTRUCTION LLC,GRMCOCL787KC,General Contractor,1,130031
GUSTAFSON VENTURES LLC,GUSTAVL825DM,General Contractor,1,20000
GUY LOFSTROM CONSTRUCTION LLC,GUYLOLC765P9,General Contractor,1,160000
GUZMAN HANDYMAN SERVICES LLC,GUZMAHS784BS,General Contractor,1,3500
Gateway Construction Services,GATEWCS992C3,Commercial,1,135886
Green Planet Plbg & Swr LLC,GREENPP791R3,General Contractor,1,25000
Green Spaces Landscaping LLC,GREENSL871R7,General Contractor,1,64300
Greg Appert Construction,GREGAAC861B4,General Contractor,1,65000
H&S MULTISERVICES LLC,HSMULML821CK,General Contractor,1,50000
H2H RENOVATION LLC,H2HRERL794JR,General Contractor,1,150000
HAAK CONSTRUCTION LLC,HAAKCCL840D9,General Contractor,1,100000
HABERDASH HOME LLC,HABERHL816Q1,General Contractor,1,150000
HAMMER AND HAND INC,HAMMEHI930M7,General Contractor,1,40000
HANDY ANDY RESTOR & REPAIR LLC,HANDYAR793RF,General Contractor,1,23982
HARD GROUND EXCAVATION LLC,HARDGGE809CL,General Contractor,1,72000
HARMATTA CONSTRUCTION INC,HARMACI066QW,General Contractor,1,20000
HARRINGTON TOWER SERVICES INC,HARRITS957KQ,General Contractor,1,10000
"HAWK HOUSE CONSTRUCTION, LLC",HAWKHHC781RN,General Contractor,1,422135
HAWK MECHANICAL CONTRS INC,HAWKMCI044PD,General Contractor,1,100000
HAYES DYNASTY LLC,HAYESDL839LO,General Contractor,1,108534
HAYNIE HOME IMPROVEMENT LLC,HAYNIHI816OZ,General Contractor,1,8000
HD Seattle LLC,HDSEAS*762QG,Single Family/Duplex,1,50000
HEADLAND CONSTRUCTION INC,HEADLCI083C5,General Contractor,1,30000
HEILMAN DECK & FENCE,HEILMDF895RH,General Contractor,1,10000
HEIRLOOM QUALITY MODERN LLC,HEIRLQM907BK,General Contractor,1,40000
HELLO REFRIGERATION LLC,HELLORL781NS,General Contractor,1,11500
HENDRIK CONSTRUCTION LLC,HENDRCL943CH,General Contractor,1,25000
HIGHMARK GENERL CNTRCTRS INC,HIGHMGC837OF,General Contractor,1,156407
HILINE HOMES,HILINH*769J3,General Contractor,1,382934
HINO TRAN LLC,HINOTTL751BM,General Contractor,1,19036
HODGE CONSTRUCTION INC,HODGEC*202PS,General Contractor,1,150000
HOFFMAN CUSTOM CONST LLC,HOFFMCC930KB,General Contractor,1,28000
HOLADAY PARKS INC,HOLADPI379N0,General Contractor,1,2100000
HOLT SERVICES INC,HOLTSSI771KB,General Contractor,1,100000
HOME REPAIRS/MIRENZI TILE,HOMERRT871PT,General Contractor,1,116000
HOMETOWN CONST & RMDLNG LLC,HOMETCR844QW,General Contractor,1,30000
HOMETOWN RENOVATION & CONS LLC,HOMETRC795D9,General Contractor,1,138633
HOPFCO LLC,HOPFCL*794MT,General Contractor,1,60000
HOUSEFIX LLC,HOUSEL*806NJ,General Contractor,1,16000
HPX REMODEL LLC,HPXRERL772KS,General Contractor,1,20000
HUIS CONSTRUCTION LLC,HUISCCL892NS,General Contractor,1,59143
HULL CONSTRUCTION LLC,HULLCCL800B3,General Contractor,1,13817
HURRICANE REAL ESTATE LLC,HURRIRE764L9,General Contractor,1,120000
Hoban Woodworks LLC,HOBANWL841DU,General Contractor,1,75000
Home Good Construction LLC,HOMEGGC805LK,General Contractor,1,31294
I&E TILE SERVICES LLC,IETILTS820OS,General Contractor,1,27000
I&R MANAGEMENT LLC,IRMANML800DE,General Contractor,1,250000
IAN JONES DESIGN BUILD LLC,IANJOJD770Q7,General Contractor,1,54000
IBEX STUDIOS LLC,IBEXSS*776JS,General Contractor,1,120000
ICHIBAN CONSTRUCTION LLC,ICHIBCL786J9,General Contractor,1,150000
ID SIDING INC,IDSIDSI796QT,General Contractor,1,60000
IGNITE HOME DESIGN LLC,IGNITHD763PQ,General Contractor,1,20939
IMA CONSTRUCTION GROUP LLC,IMACOCG826RQ,General Contractor,1,100000
INCA CONSTRUCTION INC,INCACCI967LH,General Contractor,1,350000
INFINITY BUILDERS & DEV LLC,INFINBD751CQ,General Contractor,1,109688
INLAND WASHINGTON LLC,INLANWL962OZ,General Contractor,1,30219
INREAL INC,INREAI*784MG,General Contractor,1,30000
INSIDE OUT CONSTRUCTION LLC,INSIDOC886JR,General Contractor,1,28000
INSPIRED REMODEL LLC,INSPIRL792RL,General Contractor,1,30000
INSULATION NORTHWEST LLC,INSULNL832BF,General Contractor,1,80000
INTEGRATED CONSTRUCTION LLC,INTEGCL768JA,General Contractor,1,80000
INTEGRITY ROOFING & CONST LLC,INTEGRC841J1,General Contractor,1,52018
INTERSTATE RESTORATION WA LLC,INTERRW905BH,General Contractor,1,200000
IRON DEVELOPMENT LLC,IRONDDL801RB,General Contractor,1,12000
IRON EARTH CONSTRUCTION LLC,IRONEEC782QN,General Contractor,1,350000
IRON WOLF CONSTRUCTION LLC,IRONWWC746CQ,General Contractor,1,95000
IVAZI CONSTRUCTION LLC,IVAZICL753BS,General Contractor,1,7500
IVY GROUP CONSTRUCTION LLC,IVYGRGC784QA,General Contractor,1,10000
Intercrus Decks,,Single Family/Duplex,1,10000
Iron and Pine Inc,IRONPPI812KA,Single Family/Duplex,1,5000
J & A DRYWALL INC,JDRYWDI939J7,General Contractor,1,6000
J D SMITH DESIGN & CONST,JDSMIDS893P1,General Contractor,1,138115
J HAGE CONSTRUCTION CO INC,JHAGEHC794OT,General Contractor,1,150000
J M BOGAN CO INC,JMBOGCI081MP,General Contractor,1,75000
J P LANDSCAPE SERVICES INC,JPLANSI000JP,General Contractor,1,50000
J R ABBOTT CONSTRUCTION INC,JRABBCI022JZ,General Contractor,1,150000
J W BUILDERS,JWBUIWB937PH,General Contractor,1,170000
J&AP CONSTRUCTION LLP,JAPCOCL826CE,General Contractor,1,100000
JAB DEVELOPMENT LLC,JABDEDL799LH,General Contractor,1,10000
JACOB A STROBL,,Single Family/Duplex,1,100000
JACOB PRO LLC,JACOBPL777MS,General Contractor,1,150000
JAMES E JOHN CONST CO INC,JAMESEJ173MM,General Contractor,1,100000
JE REMODELING SOLUTIONS LLC,JEREMRS781M7,General Contractor,1,156738
JEREMY THE CONTRACTOR LLC,JEREMCL765P9,General Contractor,1,7077
JERICHO FOUNDATION LLC,JERICFL772LZ,General Contractor,1,32000
JH KELLY LLC,JHKELLL044KF,General Contractor,1,2500000
JHB LTD,JHBLTL*968NQ,General Contractor,1,6000
JIA YUAN 7 LLC,JIAYUY7760MP,General Contractor,1,45000
JIGSAW CONSTRUCTION LLC,JIGSACL772J5,General Contractor,1,150000
JINWA CONSTRUCTION LLC,JINWACL759N6,General Contractor,1,5000
JIREH NEXT LEVEL CONSTRUCTION,JIREHNL762OC,General Contractor,1,14600
JJ CONST SERVS & REPAIRS LLC,JJCONCS789KR,General Contractor,1,57825
JKF CONSTRUCTION,JKFCOC*792CQ,General Contractor,1,132366
JM GENERAL CONTRACTOR LLC,JMGENGC805Q1,General Contractor,1,200000
JM Landscaping LLC,JMLANLL891RE,General Contractor,1,20000
JOHANSEN INTERIORS LLC,JOHANIL793P1,General Contractor,1,30000
JOHN CARPENTER CONST INC,JOHNCCC952CD,General Contractor,1,40000
JOHN SALO CONSTRUCTION,JOHNSSC750OP,General Contractor,1,35000
JOHNSON AND SONS CONST LLC,JOHNSSC921KZ,General Contractor,1,50000
JOHNSON DESIGN HOMES,JOHNSDH766BE,General Contractor,1,94742
JOHNSON LYRIC CONSTRUCTION CO,JOHNSLC131PB,General Contractor,1,225000
JOSE FRANCISCO OSUNA PINEDA,NATIORC792M6,Single Family/Duplex,1,178838
JP. REMODEL SERVICE LLC,JPREMRS751JZ,General Contractor,1,13750
JSR CONSTRUCTION LLC,JSRCOCL785O9,General Contractor,1,35000
JTM Construction,JTMCOCI813DL,Commercial,1,350000
JUMAGUES CONSTRUCTION LLC,JUMAGCL782J5,General Contractor,1,600000
JVB CONTRACTORS LLC,JVBCOCL781ND,General Contractor,1,25093
JVM CONSTRUCTION LLC,JVMCOCL819PB,General Contractor,1,211107
JW BUILDERS LLC,JWBUIBL844CQ,General Contractor,1,30000
JY CONSTRUCTION,JYCONC*772JP,General Contractor,1,82278
Jason Hensley,SKYLIC*773DW,Commercial,1,191216
Jesus Gallegos,,Single Family/Duplex,1,22541
Joy Silver,TUFFSI*038RZ,Single Family/Duplex,1,25000
K S CONSTRUCTION INC,KSCONI*005N5,General Contractor,1,650000
KARUNA BUILD LLC,KARUNBL837K2,General Contractor,1,65000
KASSAM CONSTRUCTION LLC,KASSACL890MJ,General Contractor,1,2000000
KAY CONSTRUCTION LLC,KAYCOCL885NH,General Contractor,1,80000
KCS CONSTRUCTION GROUP LLC,KCSCOCG758PZ,General Contractor,1,647285
KEEN EYE BUILD LLC,KEENEEB772LO,General Contractor,1,110000
KELBY MCCORKLE,TURNECC237D2,Commercial,1,482000
KENT SIDING LLC,KENTSSL866RC,General Contractor,1,30000
KEVALS PAVERS LLC,KEVALPL790JZ,General Contractor,1,1000
KIROVA CONSTRUCTION LLC,KIROVCL834DU,General Contractor,1,275000
KMAC CONSTRUCTION LLC,KMACCCL764MK,General Contractor,1,250000
KOLKAY ELECTRIC INC,KOLKAEI851CL,General Contractor,1,250000
KONSKER ELECTRIC LLC,KONSKEL874QO,General Contractor,1,100000
KPA REMODELING LLC,KPARERL764KC,General Contractor,1,20000
KRB CONCEPTS LLC,KRBCOCL770JC,General Contractor,1,26600
KRUEGER SHEET METAL CO,KRUEGSM356O9,General Contractor,1,30000
KUNNEN DESIGN/BUILD INC,KUNNEDI995JW,General Contractor,1,2500
KURKOV CONSTRUCTION LLC,KURKOCL881KS,General Contractor,1,50000
KYSAR LLC,KYSARL*924RJ,General Contractor,1,200000
Kassel and Associates,,Institutional,1,500000
Kit A Murray,WAZABB*789PK,Multifamily,1,50000
Kwaku Tagoe,,Single Family/Duplex,1,80000
L & Z GENERAL CONTRACTOR LLC,LZGENZG773PE,General Contractor,1,198967
L A ENTERPRISES,LAENT**044KZ,General Contractor,1,10000
L D SANDERS CONSTRUCTION LLC,LDSANDS961D5,General Contractor,1,250000
L W SUNDSTROM INC,LWSUNI*011PF,General Contractor,1,400000
LAKEFRONT BUILDERS LLC,LAKEFBL776CL,General Contractor,1,40000
LAKESHORE CONST SVCS LLC,LAKESCS873LP,General Contractor,1,150000
LAKEVIEW CONSTRUCTION LLC,LAKEVCL803J8,Commercial,1,90000
LAND&HAUS,LANDH**759QQ,General Contractor,1,25000
LANDAU ASSOCIATES INC,LANDAAI034MN,General Contractor,1,104284
LANDMARK CUSTOM CONST INC,LANDMCC843KK,General Contractor,1,150000
LANGCO INC,LANGCI*986N6,General Contractor,1,5000
LARSEN GENERAL CONTRACTING,LARSEGC012RS,General Contractor,1,30000
LASTING HOMES LLC,LASTIHL798KL,General Contractor,1,78000
LASTINGNEST INC,LASTII*077OM,General Contractor,1,386730
LATS CONSTRUCTION,LATSC**001NG,General Contractor,1,100000
LATU CONCRETE DESIGN,LATUCCD816JZ,General Contractor,1,84000
LBC CONSTRUCTION,LBCCOC*831NG,General Contractor,1,800000
LE'S FENCE LLC,LESFEFL830C2,General Contractor,1,15000
LEASE CRUTCHER LEWIS LLC,LEASECL990DA,General Contractor,1,35000
LEVY CONSTRUCTION LLC,LEVYCCL782DC,General Contractor,1,85000
LINE BY LINE DESIGN LLC,LINELLD775RO,General Contractor,1,100000
LINMAK CONSTRUCTION LLC,LINMACL792DQ,General Contractor,1,75000
LITTELL HOUSE CONSTRUCTION LLC,LITTEHC810RK,General Contractor,1,250000
LIsa L Price,JACKSDB835CB,Single Family/Duplex,1,50000
LMS LANDSCAPES,LMSLAL*781NR,General Contractor,1,30000
LOMMEN BROTHERS CONSTRUCTION,LOMMEBC771R7,General Contractor,1,100000
LONGBRANCH CONSTRUCTION LLC,LONGBCL794LQ,General Contractor,1,120000
LOVE CONSTRUCTION,LOVECC*802N4,General Contractor,1,25000
LOW INCOME HOUSING INSTITUTE,LOWINHI983BT,General Contractor,1,44968
LOYAL DESIGN LLC,LOYALDL771L8,General Contractor,1,5000
LS CARPENTRY,LSCARC*901D5,General Contractor,1,20000
LUNA HOME IMPROVEMENTS LLC,LUNAHHI812MA,General Contractor,1,25000
LUXE DESIGN & BUILD LLC,LUXEDDB771QF,General Contractor,1,15000
LUXE STIJL DESIGN LLC,LUXESSD857CQ,General Contractor,1,150000
LZG Construction LLC,LZGCOCL873PP,General Contractor,1,5000
Latona Custom Homes LLC,LATONH*761JN,Single Family/Duplex,1,600000
Launch Renovation + Design Inc,LAUNCRD867PC,General Contractor,1,80000
Layland Construction LLC,LAYLACL867LD,General Contractor,1,10000
Luis Vera,,Single Family/Duplex,1,260433
Lund Opsahl,,Institutional,1,499534
M A D CONSTRUCTION LLC,MADCOL*971BF,General Contractor,1,1500000
M C BELLAN CONSTRUCTION INC,MCBELCI121Q9,General Contractor,1,930568
M SQUARED CONSTRUCTION,MSQUASC867BT,General Contractor,1,63339
M&B CONSTRUCTION,MBCONC*836NT,General Contractor,1,80000
MA REMODELING LLC,MAREMRL791NZ,General Contractor,1,367372
MACDONALD-MILLER FAC SOLNS LLC,MACDOFS808OS,General Contractor,1,3300000
MACYCO LLC,MACYCL*852MP,General Contractor,1,50000
MADISON MASTER BUILDERS INC,MADISMB818JB,General Contractor,1,60000
MAGAVASA CONSTRUCTION LLC,MAGAVCL785NN,General Contractor,1,25000
MAGENTA HOME SERVICES LLC,MAGENHS786NW,General Contractor,1,72495
MAINTCO,MAINT**742DR,General Contractor,1,21000
MAINTPRO CONSTRUCTION LLC,MAINTCL771B3,General Contractor,1,35000
MARCELLOS GENERAL CONSTRUCTION,MARCEGC780L2,General Contractor,1,4500
MARK'S HOME REPAIRS/REMODELING,MARKSHR077KG,General Contractor,1,47876
MARQUISS CONSTRUCTION CO INC,MARQUCC121OA,General Contractor,1,25000
MASON CREEK CAPITAL LLC,MASONCC771NB,General Contractor,1,193543
MASTER EIFS LLC,MASTEEL814OD,General Contractor,1,75000
MASTER QUALITY PTG & CONST LLC,MASTEQP788D5,General Contractor,1,196000
MATAR CONSTRUCTION LLC,MATARCL742B3,General Contractor,1,350000
MATTHEW KING CONST CO LLC,MATTHKC010C2,General Contractor,1,20000
MAVIS BUILDERS LLC,MAVISBL790P3,General Contractor,1,128653
MAYCEJ LLC,MAYCEL*804OH,General Contractor,1,34000
MB HANDY,MBHANH*765C3,General Contractor,1,50000
MCKINSTRY ESSENTION LLC,MCKINEL874CL,General Contractor,1,1000000
MCR CONSTRUCTION INC,MCRCOCI852QD,General Contractor,1,50000
MEL BIG ALDANA CNCTE SLTNS LLC,MELBIBA787L1,General Contractor,1,53652
MENDOZA'S RSDNTL RMDLNG LLC,MENDORR784DJ,General Contractor,1,110081
MERCER BUILDERS LLC,MERCEBL942J7,General Contractor,1,1000
MERCER ISLAND REMODELING,MERCEIR762J4,General Contractor,1,2000
METABUILT LLC,METABL*782BL,General Contractor,1,221128
METRIX CONSTRUCTION INC,METRICI815L7,General Contractor,1,495522
MGD DESIGN BUILD LLC,MGDDEDB770C3,General Contractor,1,150000
"MICHELS CONSTRUCTION, INC",MICHECI794OG,General Contractor,1,4000000
MIKIYA SEATTLE UW LLC,MIKIYSU756O4,General Contractor,1,150000
"MILES AHEAD CONSTRUCTION, LLC",MILESAC753CN,General Contractor,1,50000
MILL DECKING LLC,MILLDDL742DP,General Contractor,1,61257
MILLENNIUM LANDSCAPE/CONST INC,MILLELI836MR,General Contractor,1,50000
MINAPENE LLC,MINAPL*774LM,General Contractor,1,10000
MINT BUILD LLC,MINTBBL875PC,General Contractor,1,700000
MIRACLE MEASURE LLC,MIRACML774LB,General Contractor,1,40000
MKP DESIGN LLC,MKPDEDL781ME,General Contractor,1,41390
MNBE CONSTRUCTION & DEV LLC,MNBECCD770R9,General Contractor,1,250000
MOBIUS BUILDERS LLC,MOBIUBL893RZ,General Contractor,1,85000
MODERN EXTERIOR SOLUTIONS LLC,MODERES842ML,General Contractor,1,10000
MORALES INVESTMENTS LLC,MORALIL751NE,General Contractor,1,20000
MORIS CONSTRUCTION LLC,MORISCL792J1,General Contractor,1,25000
MOSEYBOLT LLC,MOSEYL*808MU,General Contractor,1,100000
MOUNTAIN VIEW PLUMBING,MOUNTVP780JH,General Contractor,1,35000
MOXIE COLLABORATIVE LLC,MOXIECL765L8,General Contractor,1,75000
MR ENTERPRISES,MRENTE*890J7,General Contractor,1,125000
MS PAINTING SERVICES,MSPAIPS869RH,General Contractor,1,150000
MSG HOME IMPROVEMENT LLC,MSGHOHI768KL,General Contractor,1,50000
MSQUARE CONSTRUCTION LLC,MSQUACL767PQ,General Contractor,1,87000
MULTI-M CONTRACTING,MULTIC*812B5,General Contractor,1,175000
MULTI-SERVICE DRYWALL LLC,MULTIDL804P3,General Contractor,1,320000
MY-WAY CONSTRUCTION LLC,MYWAYCL913P3,General Contractor,1,85000
MZK CONSTRUCTION LLC,MZKCOCL781JA,General Contractor,1,3000
Marcus Mortenson,RAFNC**061J7,Commercial,1,50000
Mary Koutrelakos,,Multifamily,1,60420847
Megan Brown-Nydegger,LAVILB*772QG,Single Family/Duplex,1,75000
Megan Stoke,DYNACI*999PW,Single Family/Duplex,1,1500000
Mike Soverel,,Single Family/Duplex,1,100000
Model Remodel,MODELL*971P1,Single Family/Duplex,1,60000
Mountain Construction,MOUNTC*840RO,General Contractor,1,1960501
Mr Q Construction LLC,MRQCOQC872LE,General Contractor,1,60000
N AND K CONSTRUCTION OF WA INC,NKCONKC869KG,General Contractor,1,22000
N P M CONSTRUCTION CO,NPMCOCC907OL,General Contractor,1,8415
N2 DESIGN - BUILD LLC,N2DESDB795BL,General Contractor,1,150000
NATIONAL PLEASANT VALLEY CORP,NATIOPV804L5,General Contractor,1,3000
NEST DESIGN BUILD,NESTDDB921K9,General Contractor,1,41161
NEW COAST LANDSCAPE LLC,NEWCOCL837O9,General Contractor,1,2500
NEW HOME SOLUTIONS LLC,NEWHOHS862B8,General Contractor,1,100000
NEW HOMES CONSTRUCTION LLC,NEWHOHC817PQ,General Contractor,1,80000
NEW HORIZON CONSTRUCTION LLC,NEWHOHC884NB,General Contractor,1,245000
NEW HORIZON GENRL CONTRCTR LLC,NEWHOHG776N8,General Contractor,1,171032
NEW WEST CONSTRUCTION INC,NEWWECI110CP,General Contractor,1,2500000
NEWBILL PAINTING & CONTR LLC,NEWBIPC889LL,General Contractor,1,50000
NEXT LEVEL CONTRACTING LLC,NEXTLLC803KF,General Contractor,1,600000
NICO'S JL CONST SERVIS LLC,NICOSJC753BU,General Contractor,1,153230
NOBLE RIDGE CONSTRUCTION INC,,Single Family/Duplex,1,632690
NORTH EAST LANDSCPNG SRVCS LLC,NORTHEL841RA,General Contractor,1,35000
NORTH SEATTLE HANDYMAN LLC,NORTHSH833DT,General Contractor,1,25000
NORTHLIGHT CUSTOM BUILDERS LLC,NORTHCB862D6,General Contractor,1,357626
NORTHSTAR CG LP,NORTHCL852JC,General Contractor,1,100000
NORTHWEST HOME & BLDG SERVS,NORTHHB822NS,General Contractor,1,5000
NORTHWEST LABOR INDUSTRIES LLC,NORTHLI865DS,General Contractor,1,20000
NORTHWEST LEGACY CONST LLC,NORTHLC769P4,General Contractor,1,40000
NORTHWEST NATURAL LIGHTING,NORTHNL821J7,General Contractor,1,70977
NORTHWEST STRUCT & SHORING LLC,NORTHSS803DS,General Contractor,1,125000
NORWEST CONSTRUCTION INC,NORWECI852BM,General Contractor,1,40000
NORWOOD PNW LLC,NORWOPL752OW,General Contractor,1,174181
NOUMENA BUILT LLC,NOUMEBL761D1,General Contractor,1,45784
NOUVEAU CONSTRUCTION LLC,NOUVECL908R7,General Contractor,1,500000
NW EXPERT BUILDERS INC,NWEXPEB772RF,General Contractor,1,25000
NW PREMIUM HARDWOOD FLOORS INC,NWPREPH898K6,General Contractor,1,800000
NW PROJEX LLC,NWPROPL782C5,General Contractor,1,47800
NW PROPERTY & DEVELOPMENT LLC,NWPROPD862M8,General Contractor,1,400000
NW Permit Solutions,,Single Family/Duplex,1,250000
NW QUALITY CONSTRUCTION LLC,NWQUAQC939MK,General Contractor,1,82000
NWGC CORP,NWGCCC*796P8,General Contractor,1,185000
NWHP INC,NWHPII*800OD,General Contractor,1,60000
NYX CONSTRUCTION LLC,NYXCOCL766DD,General Contractor,1,60000
Nate Construction LLC,NATECCL917P3,General Contractor,1,25000
O M A CONSTRUCTION INC,OMACOI*023L6,General Contractor,1,75000
O'MALLEY BROTHERS INC,OMALLBI964RO,General Contractor,1,65000
OAK HILLS CONSTRUCTION,OAKHIHC837QL,General Contractor,1,65000
OCTAGON CONSTRUCT,OCTAGC*833N4,General Contractor,1,30000
OLD SCHOOL BUILDERS,OLDSCSB783J5,General Contractor,1,2500
OLIVER & BLUE CONSTRUCTION LLC,OLIVEBC833BP,General Contractor,1,60000
OLYMPIC SAUNAS LLC,OLYMPSL755DO,General Contractor,1,34861
OM CONSTRUCTION & SERVICES LLC,OMCONCS857KR,General Contractor,1,120000
OMEGA GENERAL INC,OMEGAGI895J2,General Contractor,1,30437
ONE STOP SERVICES LLC,ONESTSL940BT,General Contractor,1,93592
ONESTA LLC,ONESTL*823DZ,General Contractor,1,360713
ONIX CONSTRUCTION LLC,ONIXCCL791QA,General Contractor,1,75000
ORACLE CONTRNG SERVICES INC,ORACLCS911LT,General Contractor,1,280000
ORION HOME RENOVATIONS,ORIONHR762P4,General Contractor,1,20000
ORION MARINE CONTRACTORS INC,ORIONMC899N9,General Contractor,1,5000000
ORONA CONSTRUCTION LLC,ORONACL774DA,General Contractor,1,88674
OSBORNE CONSTRUCTION COMPANY,OSBORCC133PB,General Contractor,1,35000
OUTDOOR OFFICE LLC,OUTDOOL783MK,General Contractor,1,50000
OVERALL CONSTRUCTIONS,OVERAC*763LO,General Contractor,1,155738
OVERLANDING CONSTRUCTION LLC,OVERLCL793NF,General Contractor,1,30000
OXFORD CONSTRUCTION GROUP INC,OXFORCG806NG,General Contractor,1,150000
P & L GENERAL CONTRACTORS INC,PLGENC*204QK,General Contractor,1,175000
P T REMODELING & CONST LLC,PTREMTR824K4,General Contractor,1,50000
PACENT CONSTRUCTION,PACENC*791NQ,General Contractor,1,200000
PACIFIC BUILDING RESOURCES INC,PACIFBR829J3,General Contractor,1,225000
PACIFIC CONST & REMODELING INC,PACIFCR896OZ,General Contractor,1,400000
PACIFIC CUSTOM PAVERS & LNDSCP,PACIFCP763P1,General Contractor,1,20000
PACIFIC ENVIRONMENTAL SRVCS CO,PACIFES103BR,General Contractor,1,600000
PACIFIC EVERGREEN STRCTRS LLC,PACIFES752D1,General Contractor,1,6352
PACIFIC HOMES LLC,PACIFHL839OA,General Contractor,1,15000
PACIFIC LIVING CONSTR LLC,PACIFLC858DR,General Contractor,1,11400
PACIFIC MOBILE STRUCTURES INC,PACIFMS033DC,General Contractor,1,25000
PACIFIC NORTH BUILDING CO LLC,PACIFNB751M2,General Contractor,1,52330
PACIFIC NORTHERN ENVIRO LLC,PACIFNE822L5,General Contractor,1,75000
PACIFIC NORTHWEST PNTG SVC LLC,PACIFNP862B8,General Contractor,1,775743
PACIFIC NORTHWEST TOWERS LLC,PACIFNT834PU,General Contractor,1,20000
PACIFIC NW SIDING/WINDOWS INC,PACIFNS991BT,General Contractor,1,65000
PACIFIC PILE & MARINE LP,PACIFPM922J3,General Contractor,1,4000000
PACIFIC STRIPE LLC,PACIFSL797NT,General Contractor,1,1
PACIFIC TOWER CORPORATION,PACIFTC813CA,Commercial,1,15000
PALS CONSTRUCTION LLC,PALSCCL831N1,General Contractor,1,5000
PANEF CONSTRUCTION LLC,PANEFCL769N3,General Contractor,1,3500
PANTHEON CONCEPTS LLC,PANTHCL001MR,General Contractor,1,20000
PARADIGM FRAMING LINK INC,PARADFL023BH,General Contractor,1,200000
PARADISE CONSTRUCTION INC,PARADCI077PN,General Contractor,1,144881
PARS WA CONSTRUCTION INC,PARSWWC813D8,General Contractor,1,20000
PATRIOT'S CHOICE LLC,PATRICL877BJ,General Contractor,1,50000
PCT CONSTRUCTION LLC,PCTCOCL840KO,General Contractor,1,15000
PDP PERFECTION LLC,PDPPEPL930R1,General Contractor,1,5000
PEAK GENERAL CONTRACTING LLC,PEAKGGC804CC,General Contractor,1,50000
PEAK NW HOMES INC,PEAKNNH752P2,General Contractor,1,1527960
PEGASUS CONSTRUCTION & BLDG,PEGASCB794QA,General Contractor,1,346080
PERFECT DOCKS,PERFED*903DD,General Contractor,1,30000
PERFORMANCE FRAMING & DRYW LLC,PERFOFD772K5,General Contractor,1,59802
PERIDOT PROJECTS LLC,PERIDPL765KW,General Contractor,1,600327
PERRY EXCAVATION LLC,PERRYEL940BA,General Contractor,1,15000
PETRA INCORPORATED OF IDAHO,PETRAII927JM,General Contractor,1,200000
PHILIPP'S QUALITY CARPNTRY LLC,PHILIQC907JH,General Contractor,1,21327
PHILLIPS ENTERPRISES INC,PHILLEI846JR,General Contractor,1,62851
PIKO CONSTRUCTION INC,PIKOCCI891D1,General Contractor,1,35000
PINE RIDGE RENOVATIONS LLC,PINERRR746JL,General Contractor,1,230000
PIVOT POINT,PIVOTP*764RL,General Contractor,1,3500
PJ CONSTRUCTION LLC,PJCONCL762MR,General Contractor,1,154500
PLACE SERVICES INC,PLACESI871MB,General Contractor,1,90000
PLUTO CONSTRUCTION LLC,PLUTOCL787PS,General Contractor,1,100000
PLYWOOD PRODUCTIONS LLC,PLYWOPL812LD,General Contractor,1,30000
PNW QUALITY BUILDER LLC,PNWQUQB764JQ,General Contractor,1,47430
POLAR BEAR EXTERIOR SOLUTIONS,POLARBE780QB,General Contractor,1,150000
POLARIS CONSTRUCTION LLC,POLARCL775J4,General Contractor,1,207127
POOLPRO INC,POOLPI*044CK,General Contractor,1,100000
PORCUPINE BUILDERS,PORCUB*942NC,General Contractor,1,85000
PORTER HOMES LLC,PORTEHL825NZ,General Contractor,1,750000
POST TENSIONING SOLUTIONS LLC,POSTTTS838PS,General Contractor,1,15000
PREMIER HOME RMDL & CONST LLC,PREMIHR925DG,General Contractor,1,15000
PREMIER WATER DAMAGE & CONSTR,PREMIWD950LA,General Contractor,1,250000
PRESCO TELECOMMUNICATIONS INC,PRESCTI073BN,General Contractor,1,150000
PRICE BUSTERS PLUMBING,PRICEBP869MA,General Contractor,1,15000
PRIME BUILDERS W LLC,PRIMEBW743BW,General Contractor,1,15000
PRIME RENOVATIONS SEATTLE LLC,PRIMERS865LZ,General Contractor,1,50000
PROMAXX PAINTING INC,PROMAPI934QG,General Contractor,1,3000
PROSPECT CONSTRUCTION INC,PROSPCI022CD,General Contractor,1,5424896
PS SEATTLE GENERL CNSTRCTN LLC,PSSEASG817LR,General Contractor,1,10000
PSR WEST COAST BUILDERS INC,PSRWEWC911LK,General Contractor,1,105000
PUGET COVE CONSTRUCTION LLC,PUGETCC921DK,General Contractor,1,110000
PUGET PREMIER LLC,PUGETPL744JM,General Contractor,1,289131
PUGET SOUND BEGINNINGS LLC,PUGETSB792M6,General Contractor,1,50000
PUGET SOUND CONST PARTNERS INC,PUGETSC780N5,General Contractor,1,35000
PUGET SOUND DECK/FENCE LLC,PUGETSD829MR,General Contractor,1,12102
PURE CONSTRUCTION LLC,PURECCL818JW,General Contractor,1,104729
PUREDRY RESTORATION LLC,PUREDRL776OG,General Contractor,1,200000
Pete Eubanks,,Single Family/Duplex,1,300000
Pillar Resources,PILLAR*854PO,General Contractor,1,8000
Prestige Residential Const,PRESTRC860C7,General Contractor,1,161744
Property Maestro,PROPEML750J2,Multifamily,1,75000
QUALITY FENCE BUILDERS INC,QUALIFB107DF,General Contractor,1,60000
QUALITY HOUSE LLC,QUALIHL773JQ,General Contractor,1,300000
QUALITY TOUCH CONST SERVS LLC,QUALITC786M8,General Contractor,1,18000
QUANGBIEN CONSTRUCTION LLC,QUANGCL843QB,General Contractor,1,15000
QUANTUM BUILD LLC,QUANTBL841B1,General Contractor,1,180000
QUARTERSAWN,QUART**762DH,General Contractor,1,50000
QUERCUS LANDSCAPES INC,QUERCLI941OJ,General Contractor,1,50000
R & B CONSTRUCTION LLC,RBCONBC841KP,General Contractor,1,25000
R & R CONSTRUCTION INC,RRCONI*077QO,General Contractor,1,30000
R A POTTER CONSTRUCTION LLC,RAPOTCL957RH,General Contractor,1,65000
R C N W,RCNW*CN978L6,General Contractor,1,10400
R H SMITH CO INC,RHSMICI131LR,General Contractor,1,60000
R&D CRAFTSMEN LLC,RDCRACL809CK,General Contractor,1,85000
R&M BUILDERS LLC,RMBUIBL819C6,General Contractor,1,150000
RAGEN & ASSOCIATES LLC,RAGENAL991CZ,General Contractor,1,50000
RAIN CITY RENOVATION LLC,RAINCCR776KP,General Contractor,1,125000
RAINBOW OF MAGNOLIA LDSCPG INC,RAINBML994R4,General Contractor,1,30000
RAINIER ASPHALT SEALING LLC,RAINIAS991JO,General Contractor,1,30000
RAINIER CUSTOM HOMES INC,RAINICH852K1,General Contractor,1,45000
RAINIER DESIGN BUILD INC,RAINIDB750C6,General Contractor,1,62750
RAINIER ROCKERIES & CONST INC,RAINIRC810N7,General Contractor,1,50000
RAINSTATE EARTHWORKS,RAINSE*820R6,General Contractor,1,200000
RAMEX EXCAVATING LLC,RAMEXEL836D3,General Contractor,1,0
RAPIDO ROOFING & CONST LLC,RAPIDRC773PO,General Contractor,1,11548
"RAUGHT PREVENTION HOMES, LLC",RAUGHPH765DO,General Contractor,1,100000
RAVEN DESIGN + BUILD,RAVENDB952KP,General Contractor,1,150000
"RAVEN USA, LLC",RAVENUL794MM,General Contractor,1,30000
RC BROWN CONSTRUCTION LLC,RCBROBC883BZ,General Contractor,1,30000
RDH Construction Managemnt Inc,RDHCOCM905NS,General Contractor,1,8000000
REALITY HOMES INC,REALIHI984CN,General Contractor,1,238465
REBORN PROPERTIES LLC,REBORPL802JS,General Contractor,1,100000
REDPOINT CONSTRUCTION INC,REDPOCI972J5,General Contractor,1,200000
REFINED RENOVATIONS LLC,REFINRL760CM,General Contractor,1,123771
REFINO SERVICES LLC,REFINSL901C6,General Contractor,1,80000
REFRIGERATION UNLIMITED LLC,REFRIUL826NH,General Contractor,1,25000
REFUGE REVIVAL,REFUGR*762RD,General Contractor,1,50000
REIDEL ROOFING INC,REIDERI928D5,General Contractor,1,30000
REJUVE HOME RENOVATION LLC,REJUVHR771B6,General Contractor,1,14000
RELCO DESIGN BUILD LLC,RELCODB779BC,Commercial,1,36000
RELIABLE FACILITIES SOLTN LLC,RELIAFS791RA,General Contractor,1,0
RELIABLE REPAIR & RENOVATION,RELIARR785M9,General Contractor,1,12000
REMEDIES & REPAIRS INC,REMEDRI961PK,General Contractor,1,50000
REMODEL PROS LLC,REMODPL919DJ,General Contractor,1,478332
RENOVATE BUILDERS,RENOVB*760KG,General Contractor,1,5000
RENOVATE TO LIST LLC,RENOVLL801D5,General Contractor,1,56960
RENOVATIONS 206 LLC,RENOV2L746BK,General Contractor,1,6150
RESCON INC,RESCOI*894CW,General Contractor,1,25000
RESOLVE GENERAL CONSTRUCTION,RESOLGC804OA,General Contractor,1,13800
RESTORATION 24,RESTO2*772OJ,General Contractor,1,491843
RESTORED HOMES LLC,RESTOHL752JJ,General Contractor,1,717589
REYNOLDS GENERAL CONTRNG INC,REYNOGC883JE,General Contractor,1,130000
REZ CONSTRUCTION,REZCOC*8237C,General Contractor,1,6500
RFS CONSTRUCTION,RFSCOC*864LD,General Contractor,1,10000
RG COVERALL CONSTRUCTION LLC,RGCOVCC771KR,General Contractor,1,100000
RHODES CREATIONS INC,RHODECI915O5,General Contractor,1,150000
RICH LANDSCAPING INC,RICHLI*110JP,General Contractor,1,75000
RICHARD'S FINE CARPENTRY LLC,RICHAFC775DW,General Contractor,1,267084
RIDGELINE COMMUNICATIONS LLC,RIDGECL843KP,General Contractor,1,30000
RIEDMANN ENTERPRISES LLC,RIEDMEL904P9,General Contractor,1,45000
RIGGINS CONSTRUCTION LLC,RIGGICL903QN,General Contractor,1,20000
RITE PAINTING,RITEP**936RM,General Contractor,1,100000
RIVERA CONSTRUCTION LLC,RIVERCL763KP,General Contractor,1,5575
RM PNTG HNDYMN & JNTL SERV LLC,RMPNTPH744K8,General Contractor,1,150000
RNI CONSTRUCTION LLC,RNICOCL856BE,General Contractor,1,48521
ROBBINS & CO HOUSEMOVING INC,ROBBICH169NQ,General Contractor,1,7676
ROBERT RENOUARD,,Commercial,1,1500000
ROBERTS BUILT LLC,ROBERBL758BS,General Contractor,1,2500000
ROBERTS RESIDENTIAL CONST LLC,ROBERRC811N8,General Contractor,1,22160
ROCK QUALITY CONSTRUCTION INC,ROCKQCI064N2,General Contractor,1,190800
ROCKHOLD LLC,ROCKHL*754KZ,General Contractor,1,99000
RODARTE CONSTRUCTION INC,RODARI*225D9,General Contractor,1,200000
ROGER'S CONSTRUCTION SERVICES,ROGERCS850R9,General Contractor,1,72000
ROMAN POOLS LLC,ROMANPL801RZ,General Contractor,1,15000
ROMI CONSTRUCTION LLC,ROMICCL782J1,General Contractor,1,13000
ROMO BUILD,ROMOBB*754O3,General Contractor,1,63425
ROOF4LIFE,ROOF4**778BL,General Contractor,1,20000
ROOFS NORTHWEST LLC,ROOFSNL824KZ,General Contractor,1,3509
ROSELL HOME LLC,ROSELHL790D4,General Contractor,1,20000
ROT DOCTOR,ROTDOD*768D9,General Contractor,1,10000
ROYAL BEAR SERVICE LLC,ROYALBS774BL,General Contractor,1,4906
RUSS BUILDERS,RUSSBB*865DO,General Contractor,1,50000
RYNO CONSTRUCTION LLC,RYNOCCL824NM,General Contractor,1,75000
Randi F Kearn,AGCONCR786K5,Single Family/Duplex,1,350000
Redell Home Remodeling LLC,REDELHR864QP,General Contractor,1,5000
Reliant Group Inc,RELIAGI841RA,General Contractor,1,38318
Remoqual Inc,REMOQI*864JW,General Contractor,1,50000
Rex GeRoy Construction LLC,REXGEGC866NQ,General Contractor,1,17323
Rich Wochab,,Single Family/Duplex,1,5000
Rife Construction Services LLC,RIFECCS877KP,General Contractor,1,200000
Ryan Balas,BALASC*822DW,Commercial,1,50000
S&E REMODELING INC,SEREMRI822BE,General Contractor,1,20000
S&K Contracting Inc,SKCONCI851KH,General Contractor,1,100000
S&O REMODELING LLC,SOREMRL761BU,General Contractor,1,25000
SABER CONSTRUCTION INC,SABERCI971JD,General Contractor,1,98500
SACO CONSTRUCTION CORP,SACOCCC964M2,General Contractor,1,150000
SAGE AND STONE LLC,SAGESSL854L4,General Contractor,1,25000
SAGE BUILT LLC,SAGEBBL799NF,General Contractor,1,108101
SAGEWATER LLC,SAGEWL*7771K,General Contractor,1,15000
SAILOR'S LANDSCAPING SRVS LLC,SAILOLS798NZ,General Contractor,1,34790
SALMON BAY BLDG PRCTNRS LLC,SALMOBB755OP,General Contractor,1,225000
SALMON BAY LANDSCAPING LLC,SALMOBL953DM,General Contractor,1,15000
SAMI CONSTRUCTION LLC,SAMICCL795K6,General Contractor,1,75000
SAPPHIRE HOMES INC,SAPPHHI867RH,General Contractor,1,397267
SATUS GENERAL CONTRACTORS INC,SATUSGC783R7,General Contractor,1,631239
SBE CONSTRUCTION LLC,SBECOCL902C6,General Contractor,1,175000
SC & R,SCR**R*828D3,General Contractor,1,25000
SCALZO PRECISION BUILDS LLC,SCALZPB750BT,General Contractor,1,95325
SCHENKAR CONST DSGN/BLD LLC,SCHENCD926KG,General Contractor,1,6266
SCHOENFELDER RENOVATIONS INC,SCHOERI851PT,General Contractor,1,450000
SCL ENTERPRISES LLC,SCLENL*001K4,General Contractor,1,1493643
SCOTT ECONOMY CONSTRUCTION INC,SCOTTEC060J2,General Contractor,1,150000
SDS CONSTRUCTION MGMT LLC,SDSCOCM861P4,General Contractor,1,545738
SEA & BELV GEN CONT SVS LLC,SEABEBG798RZ,General Contractor,1,49722
SEAHAWK REMODELING LLC,SEAHARL882MP,General Contractor,1,13542
SEATOWN REMODEL WORKS LLC,SEATORW855J1,General Contractor,1,15000
SEATTLE AIR SUPERIOR,SEATTAS768PJ,General Contractor,1,40000
SEATTLE CONTRACTORS LLC,SEATTCL813LR,General Contractor,1,14000
SEATTLE DESIGN BUILD,SEATTDB807K7,General Contractor,1,480069
SEATTLE MARYSVILLE CONST LLC,SEATTMC838PP,General Contractor,1,19500000
SEATTLE METRO HOME IMP LLC,SEATTMH770DB,General Contractor,1,35000
SEATTLE PACIFIC CONST INC,SEATTPC880C9,General Contractor,1,212206
SEATTLE SHOWER DOOR LLC,SEATTSD821QL,General Contractor,1,2500
SEATTLE STYLE RMDL/LNDSCPG INC,SEATTSR906MB,General Contractor,1,250000
SEATTLE WOODWORKS LLC,SEATTWL837DG,General Contractor,1,75000
SECREST CONSTRUCTION LLC,SECRECL845BN,General Contractor,1,25000
SECRETARIO DESIGN BUILD,SECREDB801CF,General Contractor,1,35000
SEJANT CONSTRUCTION,SEJANC*828CB,General Contractor,1,45000
SELANDER LABORATORIES LLC,SELANLL755LF,General Contractor,1,46000
SERVPRO OF CENTRAL SEATTLE,SERVPCS911LE,General Contractor,1,30000
SETH JARREAU GENERAL CONTR LLC,SETHJJG778R2,General Contractor,1,3500
SHEA CONSTRUCTION LLC,SHEACCL805PZ,General Contractor,1,60000
SHELTER HOLDINGS DEV LLC,SHELTHD762QK,General Contractor,1,151000
SHIMMICK CONSTRUCTION CO INC,SHIMMCC905JB,General Contractor,1,11009334
SIGNATURE  WIDWS/ DR REPLT INC,SIGNAWD854P2,General Contractor,1,46184
SILVERSTONE BUILDING GROUP,SILVEBG801PL,General Contractor,1,60000
SILVERTECH LLC,SILVEL*792RB,Institutional,1,7000
SINC LLC,SINCLL*752C8,General Contractor,1,36693
SIRIUS SOLUTIONS LLC,SIRIUSL792J3,General Contractor,1,3500
SIRIUS-V LLC,SIRIUL*808N1,General Contractor,1,51020
SITEWORKS USA LLC,SITEWUL753CF,General Contractor,1,30000
SIX BELLS LLC,SIXBEBL786QZ,General Contractor,1,16000
SKOOKUM HAULING LLC,SKOOKHL772KP,General Contractor,1,375000
SKY MERIDIAN LLC,SKYMEML824D6,General Contractor,1,70000
SKYE INDUSTRIAL INC,SKYEII*020CO,General Contractor,1,200000
SKYFL LLC,SKYFLL*772PP,General Contractor,1,20000
SKYLIMIT BUILDERS LLC,SKYLIBL775LL,General Contractor,1,143706
SKYLINE CONSTRUCTION SRVCS,SKYLICS805Q8,General Contractor,1,25000
SKYSCRAPER LLC,SKYSCL*804CJ,General Contractor,1,236002
SLOANE CONSTRUCTION LLC,SLOANCL841QM,General Contractor,1,10000
SMALL CONSTRUCTION INC,SMALLC*197ML,General Contractor,1,10000
SMART SOLUTION CONST LLC,SMARTSC795ON,General Contractor,1,150000
SMITH EXTERIORS LLC,SMITHEL789PE,General Contractor,1,45000
SNYDER GENERAL CONSTR LLC,SNYDEGC863DJ,General Contractor,1,500000
SOBRO TOWER LLC,SOBROTL791MF,General Contractor,1,40000
SODO BUILDERS LLC,SODOBBL927JM,General Contractor,1,25000
SONSHIP CONSTRUCTION LLC,SONSHCL756OP,General Contractor,1,100
SOUND BUILD AND REMODEL INC,SOUNDBR750JG,General Contractor,1,40000
SOUND COMMUNITY BUILDERS,SOUNDCB863K9,General Contractor,1,100000
SOUND DESIGN BUILD LLC,SOUNDDB756O5,General Contractor,1,35000
SOUTHCREEK CONSTRUCTION LLC,SOUTHCL826PB,General Contractor,1,47000
STARTLIGHT REMODELING LLC,STARLRL750P1,Single Family/Duplex,1,10000
STAY AT HOME CARPENTER,STAYHHC766MU,General Contractor,1,139868
STEADFAST CONSTRUCTN GRP LLC,STEADCG800B9,General Contractor,1,35000
STEELCREEK CONSTRUCTION LLC,STEELCL762RO,General Contractor,1,45000
STEFANOV - CONSTRUCTION,STEFAC*767QO,General Contractor,1,45000
STETZ CONSTRUCTION,STETZC*957B7,General Contractor,1,10000
STEVE HOECK CONSTRUCTION INC,STEVEHC971K1,General Contractor,1,150000
STEVEN RAY CONSTRUCTION INC,STEVERC924C8,General Contractor,1,6000
STILL WATER LEGACY HOMES LLC,STILLWL763QG,General Contractor,1,197575
STOCKING CONSTRUCTION,STOCKC*791O4,General Contractor,1,50000
STONE PILLAR REMODELING INC,STONEPR037LL,General Contractor,1,50000
STOREFRONT SIGN ONLINE LLC,STORESO754K3,General Contractor,1,80000
STRONG HAMMER & BRUSH INC,STRONHB795N7,General Contractor,1,50000
STUDIO JOHNS,STUDIJ*769DG,General Contractor,1,50000
SUBLIME SYNERGIES LLC,SUBLISL767DE,General Contractor,1,450000
SULIS ENERGY LLC,SULISEL765P1,General Contractor,1,338200
SUMMERFLEX ROOFING & CONST LLC,SUMMERC781BL,General Contractor,1,35000
SUMMIT CONSTRUCTION/ROOFING CO,SUMMICC075L2,General Contractor,1,50000
SUMMIT EDGE BUILDERS,SUMMIEB750DK,General Contractor,1,300
SUMMIT FINISH CARPENTRY LLC,SUMMIFC777CW,General Contractor,1,80000
SUNCOAST NORTHWEST LLC,SUNCONL741B2,General Contractor,1,10000
SUPERIOR CHIMNEY SERVICES INC,SUPERI*034D4,General Contractor,1,2000
SUPERIOR REMODELING INC,SUPERRI033BZ,General Contractor,1,38629
SURO SOLUTIONS GENERAL CONTR,SUROSSG751CQ,General Contractor,1,68000
SUSTAINABLE CONST & CNSLTG LLC,SUSTACC952DQ,General Contractor,1,70000
SWAY MECHANIKA LLC,SWAYMML820NZ,General Contractor,1,250000
SYNERGY CONSTRUCTION INC,SYNERCI101JQ,General Contractor,1,5470000
SYSTEM PAVERS OF WASH INC,SYSTEPW908KF,General Contractor,1,24000
Sea-West Renovation LLC,SEAWERL763JQ,Single Family/Duplex,1,15000
Seattle Brickmaster,SEATTB*821L2,General Contractor,1,88000
Showtime Home Renovation,,Single Family/Duplex,1,184372
Streamline General Const LLC,STREAGC909J1,General Contractor,1,300000
Summer Pavers,,Single Family/Duplex,1,15000
T CONSTRUCTION,TCONSC*953NW,General Contractor,1,50000
TACHELL CUSTOM BUILD,TACHECB849R3,General Contractor,1,90000
TAPPERT HOMES LLC,TAPPEHL798KO,General Contractor,1,6841
TAYLOR BUILDING & DESIGN LLC,TAYLOBD859Q5,General Contractor,1,30000
TECH ONE CONSTRUCTION INC,TECHOOC841N2,General Contractor,1,50000
TELMAR DEVELOPMENT LLC,TELMADL793CP,General Contractor,1,460590
TENHULZEN PAINTING INC,TENHUPI907C4,General Contractor,1,25978
TENON CONSTRUCTION LLC,TENONCL841LF,General Contractor,1,79027
TERRA'S CONSTRUCTION LLC,TERRACL907KE,General Contractor,1,0
THE CRR SOLUTION'S LLC,CRRSOCS769BW,General Contractor,1,3000
THE FACILITATORS INC,FACILI*928NA,General Contractor,1,85000
THE GARDEN GUY & CO,GARDEGG858CQ,General Contractor,1,12938
THE GENTLEMEN HOME IMPROVEMENT,GENTLGH756M4,Single Family/Duplex,1,100126
THE GREEN BUILDER,GREENGB797RB,General Contractor,1,100000
THE KITCHEN & BATH UPGRADE,KITCHKB763OR,General Contractor,1,100000
THE MRD GROUP,MRDGRMG744BE,General Contractor,1,100000
THE NOMAD HOME SERVICES,NOMADNH778MC,General Contractor,1,7920
THE PACIFIC DOOR LLC,PACIFPD785CM,General Contractor,1,88910
THE WALL DOCTOR LLC,WALLDWD761KG,General Contractor,1,19813
THUNDOR CONSTRUCTION LLC,THUNDCL776PT,General Contractor,1,20213
TILE4YOU LLC,TILE4L*765CW,General Contractor,1,10000
TILTWORKS LLC,TILTW**771NM,General Contractor,1,12000
TIM CONSTRUCTION LLC,TIMCOCL830Q2,General Contractor,1,100000
TISHMAN CONSTRUCTION CORP,TISHMCC831K4,General Contractor,1,1000000
TITAN EARTHWORK LLC,TITANEL936CO,General Contractor,1,350000
TJ'S CONSTRUCTION SERVICES LLC,TJSCOCS822DK,General Contractor,1,50000
TJN SERVICES LLC,TJNSESL774R2,General Contractor,1,8000
TNR CONSTRUCTION LLC,TNRCOCL758RZ,General Contractor,1,175000
TOELLNER CONSTRUCTION,TOELLC*856OM,General Contractor,1,15000
TOP FLOORING LLC,TOPFLFL772LT,General Contractor,1,209780
TORGERSON CONSTRUCTION,TORGEC*136OA,General Contractor,1,25000
TOTAL CONSTRUCTION LLC,TOTALCL834PF,General Contractor,1,189750
TOTAL INTERIOR & SIGNS,TOTALIS752OJ,General Contractor,1,100000
TOTAL PROPERTY MAINT GROUP,TOTALPM760RJ,General Contractor,1,100000
TOWER PIONEERS LLC,TOWERPL801LR,General Contractor,1,20000
TREIBER BUILDING LLC,TREIBBL825OM,General Contractor,1,304981
TRENDSET ONE PAVER LLC,TRENDOP793K4,General Contractor,1,25000
TRIBE & SONS CONSTRUCTION LLC,TRIBESC753M2,General Contractor,1,359166
TRICO COMPANIES LLC,TRICOCL886Q8,General Contractor,1,3000000
TRILOGY BUILDERS INC,TRILOBI828LM,General Contractor,1,180695
TRINITY CONST BUILDERS LLC,TRINICB914OD,General Contractor,1,50000
TRINITY CONST CONSULTING LLC,TRINICC746BM,General Contractor,1,275000
TROJAN UNLIMITED LLC,TROJAUL771LE,General Contractor,1,25000
TRUE BUILT HOME INC,TRUEBBH925CD,General Contractor,1,948924
TRUE NORTH LLC,TRUENNL904ML,General Contractor,1,42617
TRUEBECK CONSTRUCTION INC,TRUEBCI818DK,General Contractor,1,34000000
TSG Remodeling,TSGRERL831P3,Single Family/Duplex,1,125000
TSG Remodeling LLC,TSGRERL831P3,Single Family/Duplex,1,475766
TUFF JOBS LLC,TUFFJJL751CS,General Contractor,1,50000
TURNER TRIM & FINISH LLC,TURNETF892J1,General Contractor,1,15000
TURNSTONE LANDSCAPE SRVCS LLC,TURNSLS774OF,General Contractor,1,217000
TURNURE TELECOM LLC,TURNUTL968BW,General Contractor,1,300000
TWO CROWS CONSTRUCTION LLC,TWOCRCC867RR,General Contractor,1,80000
TYSON REMODEL & REPAIR LLC,TYSONRR856OP,General Contractor,1,69744
Terry powe,,Single Family/Duplex,1,800000
The Cline Company,CLINECC790CK,General Contractor,1,96000
Toma Construction LLC,TOMACCL896BM,General Contractor,1,30000
Trent Tinney,GREATSC881MR,Multifamily,1,150000
"UNCLE JACK'S CONSTRUCTION, LLC",UNCLEJC766LD,General Contractor,1,350000
UNITED GREEN BUILDERS LLC,UNITEGB763Q1,General Contractor,1,5000
UNITED SIGNATURE EVERETT LLC,UNITESE790Q3,General Contractor,1,270000
UNITED STATES ELECTRIC CORP,UNITESE984QH,General Contractor,1,79676
UNIVERSAL FRAMING CONST INC,UNIVEFC760JP,General Contractor,1,13413
UNIVERSITY MECH CONTR INC,UNIVMC*343N9,General Contractor,1,2400000
UPGRADED HOME REPAIR LLC,UPGRAHR859NS,General Contractor,1,20000
URBAN BUILD NORTHWEST INC,URBANBN807OC,General Contractor,1,180000
URBAN BUILT LLC,URBANBL801BG,General Contractor,1,124194
UTILITIES ONE INC,UTILIOI802PH,General Contractor,1,150000
Ursus Homes Inc,URSUSHI869PU,General Contractor,1,200000
V&A BUILT,VBUILB*755OD,General Contractor,1,276545
V&S ENTERPRISE LLC,VSENTSE753RN,General Contractor,1,25000
V&S KITCHEN AND BATH LLC,VSKITKB782N3,General Contractor,1,107000
VALDEZ CONCRETE COMPANY,VALDECC782O9,General Contractor,1,40000
VALOR CONSTRUCTION GROUP LLC,VALORCG761L1,General Contractor,1,233514
VAN ZANDT DESIGN BUILD LLC,VANZAZD870PS,General Contractor,1,250000
VB CONSTRUCTIVE,VBCONC*774NG,General Contractor,1,20000
VECTOR EXTERIORS LLC,VECTOEL802O8,General Contractor,1,35500
VEGA ENTERPRISES LLC,VEGAEEL782O8,General Contractor,1,80000
VENTRON LLC,RAFNC**061J7,Commercial,1,52000
VERDANT HOMES CORPORATION,VERDAHC756PS,General Contractor,1,655516
VERISTONE HOMES LLC,VERISHL839CS,General Contractor,1,100000
VERNICK LLC,VERNIL*762N8,General Contractor,1,1800000
VERSA HOMES LLC,VERSAHL801RT,General Contractor,1,5000
VERSATILE DRILLING CONTRS INC,VERSADC158CH,General Contractor,1,20000
VERTEX DEVELOPMENT LLC,VERTEDL790LA,General Contractor,1,3000000
VIKING CRAFTSMAN LLC,VIKINCL808B8,General Contractor,1,95000
VIKING ENGINEERING & CONST LLC,VIKINEC880MS,General Contractor,1,93009
VILLANUEVA CONSTRUCTION LLC,VILLACL863OH,General Contractor,1,240000
VK MILLWORK LLC,VKMILML919LS,General Contractor,1,10000
VKCS LLC,VKCSLL*788JM,General Contractor,1,29000
VNP CONSTRUCTION LLC,VNPCOCL783MO,General Contractor,1,235000
VOLK CONSTRUCTION COMPANY LLC,VOLKCCC904MW,General Contractor,1,150000
Vets Power Electric LLC,VETSPPE741DK,Industrial,1,416242
Vincent Ivy,IVYHOHL778JM,Single Family/Duplex,1,20000
WADE GC LLC,WADEGGL744D4,General Contractor,1,40000
"WARWICK CONSTRUCTION, INC.",WARWICI965O1,General Contractor,1,500000
WASHINGTON GNRL CNTRCTRS CORP,WASHIGC796KK,General Contractor,1,170138
WASHINGTON PATRIOT CONST LLC,WASHIPC906BJ,General Contractor,1,265000
WATERS CONSTRUCTION INC,WATERCI840C9,General Contractor,1,10000
WAZA BUILT,WAZABB*789PK,General Contractor,1,50000
WEATHERVANE WINDOW & GLASS LLC,WEATHWG772L7,General Contractor,1,42792
WEIGAND CONST SEATTLE INC,WEIGACS922KH,General Contractor,1,10000
WELDING FABRICATION LLC,WELDIFL895QW,General Contractor,1,12745
WEREMODEL.COM LLC,WEREML*840DB,General Contractor,1,213116
WEST SEATTLE DESIGN BUILD,WESTSSD917NK,General Contractor,1,160000
WESTCORP BUILT LLC,WESTCBL791JW,General Contractor,1,980000
WESTERN CONSTRUCTION SRVCS INC,WESTECS162R8,General Contractor,1,300000
WESTHILL INC,WESTHI*261P1,General Contractor,1,93146
WESTLAKE BUILDERS LLC,WESTLBL789DQ,General Contractor,1,100000
WESTMINTSTER LLC,WESTML*984DD,General Contractor,1,40000
WHELBILT HOMES LLC,WHELBHL912N4,General Contractor,1,75000
WHITE RIVER FABRICATION LLC,WHITERF840CA,General Contractor,1,28500
WILD FLOWERS CONSTRUCTION LLC,WILDFFC807P9,General Contractor,1,75000
WILLIAM OLSON & CO LLC,WILLIOC832C3,General Contractor,1,75000
WILLIAMS SCOTSMAN INC,WILLISI021LP,General Contractor,1,27000
WINDSTAR CONSTRUCTION CO,WINDSCC820OK,General Contractor,1,512890
WINN BUILD & DESIGN LLC,WINNBBD803QK,General Contractor,1,60000
WM CONTRACTOR HOLDINGS LLC,WMCONCH794QA,General Contractor,1,90000
WMY CONSTRUCTION,WMYCOC*807K7,General Contractor,1,10000
WS DRYWALL & TEXTURES LLC,WSDRYDT806OS,General Contractor,1,65000
XL BUILDERS LLC,XLBUIBL783DM,General Contractor,1,177420
YOUR HOME BUILDERS INC,YOURHHB782LA,General Contractor,1,27000
YUMO CONSTRUCTION LLC,YUMOCCL952OT,General Contractor,1,40000
ZENISCO INC,ZENISI*848RB,General Contractor,1,20000
ZOOM CONSTRUCTION LLC,ZOOMCCL821RF,General Contractor,1,207127
corvid general contractors,CORVIGC888BD,Single Family/Duplex,1,300000
